id,team,team_name,position,now_cost,bonus_scaled,expected_goal_involvements_scaled,fixture_score,form_scaled,ict_index_scaled,individual_captain_ceiling,minutes_security,minutes_security_scaled,next_fixture_score,points_per_game_scaled,team_attack_score,team_defence_score,xgi_per_90_scaled,snapshot_gameweek,snapshot_saved_utc
1,1,Arsenal,goalkeeper,60,0,0,0,0.42105263157894735,0.074534161,0.29341832842977006,0.6666666666666666,0.6666666666666666,0,0.42105263157894735,0,0,0,2,2026-08-28T20:09:31.803525+00:00
2,1,Arsenal,goalkeeper,50,0,0,0,0.10526315789473684,0,0.063157895,0,0,0,0.10526315789473684,0,0,0,2,2026-08-28T20:09:31.803525+00:00
3,1,Arsenal,goalkeeper,50,0,0,0,0.10526315789473684,0,0.063157895,0,0,0,0.10526315789473684,0,0,0,2,2026-08-28T20:09:31.803525+00:00
4,1,Arsenal,defender,80,0,0.035714286,0,0.3684210526315789,0.055900621,0.2673186843667393,0.6666666666666666,0.6666666666666666,0,0.3684210526315789,0,0,0.029370629370629373,2,2026-08-28T20:09:31.803525+00:00
7,1,Arsenal,midfielder,55,0,0.1011904761904762,0,0.2631578947368421,0.2546583850931677,0.23749810448895117,0.6666666666666666,0.6666666666666666,0,0.2631578947368421,0,0,0.083216783,2,2026-08-28T20:09:31.803525+00:00
8,1,Arsenal,defender,56,0,0.077380952,0,0.5789473684210527,0.2608695652173913,0.4209827344767276,0.5925925925925926,0.5925925925925926,0,0.5789473684210527,0,0,0.071590909,2,2026-08-28T20:09:31.803525+00:00
9,1,Arsenal,defender,54,0,0,0,0.15789473684210525,0.00621118,0.098691293,0.066666667,0.066666667,0,0.15789473684210525,0,0,0,2,2026-08-28T20:09:31.803525+00:00
10,1,Arsenal,defender,55,0.6666666666666666,0.23214285714285715,0,0.6842105263157895,0.45341614906832295,0.5369285367569121,0.6666666666666666,0.6666666666666666,0,0.6842105263157895,0,0,0.1909090909090909,2,2026-08-28T20:09:31.803525+00:00
11,1,Arsenal,defender,55,0,0,0,0.42105263157894735,0.093167702,0.2952816824670372,0.6666666666666666,0.6666666666666666,0,0.42105263157894735,0,0,0,2,2026-08-28T20:09:31.803525+00:00
12,1,Arsenal,midfielder,95,0.3333333333333333,0.42857142857142855,0,0.5789473684210527,0.6335403726708073,0.5538965258221381,0.4962962962962963,0.4962962962962963,0,0.5789473684210527,0,0,0.4734370107504436,2,2026-08-28T20:09:31.803525+00:00
13,1,Arsenal,midfielder,75,0,0.089285714,0,0.2631578947368421,0.093167702,0.2166844994865077,0.4962962962962963,0.4962962962962963,0,0.2631578947368421,0,0,0.098632711,2,2026-08-28T20:09:31.803525+00:00
14,1,Arsenal,midfielder,65,0,0.023809524,0,0.15789473684210525,0.00621118,0.1320116767714022,0.1037037037037037,0.1037037037037037,0,0.15789473684210525,0,0,0.12587412587412586,2,2026-08-28T20:09:31.803525+00:00
15,1,Arsenal,midfielder,66,1,0.18452380952380953,0,0.6842105263157895,0.7639751552795031,0.5602260846196774,0.5555555555555556,0.5555555555555556,0,0.6842105263157895,0,0,0.1820979020979021,2,2026-08-28T20:09:31.803525+00:00
16,1,Arsenal,midfielder,64,0,0.023809524,0,0.15789473684210525,0.3291925465838509,0.1558296740281346,0.16296296296296298,0.16296296296296298,0,0.15789473684210525,0,0,0.080101716,2,2026-08-28T20:09:31.803525+00:00
17,1,Arsenal,midfielder,60,0,0.095238095,0,0.15789473684210525,0.11801242236024843,0.23759739540059904,0.1037037037037037,0.1037037037037037,0,0.15789473684210525,0,0,0.5034965034965034,2,2026-08-28T20:09:31.803525+00:00
18,1,Arsenal,midfielder,64,0,0,0,0.10526315789473684,0,0.063157895,0,0,0,0.10526315789473684,0,0,0,2,2026-08-28T20:09:31.803525+00:00
19,1,Arsenal,midfielder,55,0,0.011904761904761906,0,0.15789473684210525,0.037267081,0.11662441288611458,0.16296296296296298,0.16296296296296298,0,0.15789473684210525,0,0,0.040050858232676415,2,2026-08-28T20:09:31.803525+00:00
20,1,Arsenal,midfielder,54,0,0,0,0.10526315789473684,0,0.063157895,0,0,0,0.10526315789473684,0,0,0,2,2026-08-28T20:09:31.803525+00:00
22,1,Arsenal,midfielder,55,0,0,0,0.10526315789473684,0,0.063157895,0,0,0,0.10526315789473684,0,0,0,2,2026-08-28T20:09:31.803525+00:00
23,1,Arsenal,midfielder,55,0,0,0,0.10526315789473684,0,0.063157895,0,0,0,0.10526315789473684,0,0,0,2,2026-08-28T20:09:31.803525+00:00
24,1,Arsenal,midfielder,55,0,0,0,0.10526315789473684,0,0.063157895,0,0,0,0.10526315789473684,0,0,0,2,2026-08-28T20:09:31.803525+00:00
25,1,Arsenal,forward,74,0,0,0,0.10526315789473684,0,0.063157895,0,0,0,0.10526315789473684,0,0,0,2,2026-08-28T20:09:31.803525+00:00
26,1,Arsenal,forward,75,0,0.17261904761904762,0,0.42105263157894735,0.4658385093167701,0.36803827370188924,0.6666666666666666,0.6666666666666666,0,0.42105263157894735,0,0,0.14195804195804196,2,2026-08-28T20:09:31.803525+00:00
27,1,Arsenal,forward,60,0,0,0,0.10526315789473684,0,0.063157895,0,0,0,0.10526315789473684,0,0,0,2,2026-08-28T20:09:31.803525+00:00
31,1,Arsenal,defender,45,0,0,0,0.10526315789473684,0,0.063157895,0,0,0,0.10526315789473684,0,0,0,2,2026-08-28T20:09:31.803525+00:00
452,1,Arsenal,midfielder,69,0,0,0,0.10526315789473684,0,0.063157895,0,0,0,0.10526315789473684,0,0,0,2,2026-08-28T20:09:31.803525+00:00
557,1,Arsenal,midfielder,65,0,0.19642857142857145,0,0.42105263157894735,0.5403726708074533,0.382908162,0.5555555555555556,0.5555555555555556,0,0.42105263157894735,0,0,0.19384615384615386,2,2026-08-28T20:09:31.803525+00:00
28,2,Aston Villa,goalkeeper,50,0,0,0.46153846153846156,0.10526315789473684,0,0.063157895,0,0,0,0.10526315789473684,0,0,0,2,2026-08-28T20:09:31.803525+00:00
29,2,Aston Villa,goalkeeper,45,0,0,0.46153846153846156,0.15789473684210525,0.17391304347826084,0.14546147978642257,0.6666666666666666,0.6666666666666666,0,0.15789473684210525,0,0,0,2,2026-08-28T20:09:31.803525+00:00
32,2,Aston Villa,defender,45,0,0,0.46153846153846156,0.052631579,0.080745342,0.072986815,0.6666666666666666,0.6666666666666666,0,0.052631579,0,0,0,2,2026-08-28T20:09:31.803525+00:00
33,2,Aston Villa,defender,45,0,0,0.46153846153846156,0.15789473684210525,0.012422360248447204,0.10190500405603381,0.11851851851851852,0.11851851851851852,0,0.15789473684210525,0,0,0,2,2026-08-28T20:09:31.803525+00:00
34,2,Aston Villa,defender,45,0,0,0.46153846153846156,0.10526315789473684,0,0.090194932,0.5407407407407407,0.5407407407407407,0,0.10526315789473684,0,0,0,2,2026-08-28T20:09:31.803525+00:00
35,2,Aston Villa,midfielder,50,0,0,0.46153846153846156,0.15789473684210525,0.018633540372670804,0.10252612206845617,0.11851851851851852,0.11851851851851852,0,0.15789473684210525,0,0,0,2,2026-08-28T20:09:31.803525+00:00
36,2,Aston Villa,defender,45,0,0.017857142857142856,0.46153846153846156,0.10526315789473684,0.080745342,0.10531168297758686,0.6,0.6,0,0.10526315789473684,0,0,0.016317016,2,2026-08-28T20:09:31.803525+00:00
37,2,Aston Villa,defender,45,0,0,0.46153846153846156,0,0.012422360248447204,0.034575569,0.6666666666666666,0.6666666666666666,0,0,0,0,0,2,2026-08-28T20:09:31.803525+00:00
38,2,Aston Villa,defender,40,0,0,0.46153846153846156,0.10526315789473684,0,0.063157895,0,0,0,0.10526315789473684,0,0,0,2,2026-08-28T20:09:31.803525+00:00
41,2,Aston Villa,midfielder,60,0,0.13095238095238096,0.46153846153846156,0.21052631578947367,0.13664596273291926,0.19996865455877436,0.6296296296296297,0.6296296296296297,0,0.21052631578947367,0,0,0.114027149,2,2026-08-28T20:09:31.803525+00:00
44,2,Aston Villa,midfielder,55,0,0,0.46153846153846156,0.10526315789473684,0,0.063157895,0,0,0,0.10526315789473684,0,0,0,2,2026-08-28T20:09:31.803525+00:00
45,2,Aston Villa,midfielder,55,0,0.029761904761904764,0.46153846153846156,0.15789473684210525,0.031055901,0.13464118896613175,0.6,0.6,0,0.15789473684210525,0,0,0.027195027195027196,2,2026-08-28T20:09:31.803525+00:00
46,2,Aston Villa,midfielder,50,0,0.071428571,0.46153846153846156,0.21052631578947367,0.23602484472049687,0.19506049347151508,0.5407407407407407,0.5407407407407407,0,0.21052631578947367,0,0,0.07242073,2,2026-08-28T20:09:31.803525+00:00
47,2,Aston Villa,midfielder,50,0,0,0.46153846153846156,0.21052631578947367,0.086956522,0.1683447749809306,0.6666666666666666,0.6666666666666666,0,0.21052631578947367,0,0,0,2,2026-08-28T20:09:31.803525+00:00
50,2,Aston Villa,midfielder,45,0,0,0.46153846153846156,0.10526315789473684,0,0.063157895,0,0,0,0.10526315789473684,0,0,0,2,2026-08-28T20:09:31.803525+00:00
51,2,Aston Villa,midfielder,45,0,0,0.46153846153846156,0.21052631578947367,0.14906832298136644,0.1745559551051542,0.6666666666666666,0.6666666666666666,0,0.21052631578947367,0,0,0,2,2026-08-28T20:09:31.803525+00:00
52,2,Aston Villa,midfielder,50,0,0,0.46153846153846156,0.15789473684210525,0.024844720496894408,0.10018427711791557,0.059259259,0.059259259,0,0.15789473684210525,0,0,0,2,2026-08-28T20:09:31.803525+00:00
55,2,Aston Villa,forward,79,0,0,0.46153846153846156,0.10526315789473684,0,0.063157895,0,0,0,0.10526315789473684,0,0,0,2,2026-08-28T20:09:31.803525+00:00
56,2,Aston Villa,forward,55,0,0,0.46153846153846156,0.10526315789473684,0,0.063157895,0,0,0,0.10526315789473684,0,0,0,2,2026-08-28T20:09:31.803525+00:00
160,2,Aston Villa,midfielder,60,0,0,0.46153846153846156,0.15789473684210525,0,0.096218324,0.02962963,0.02962963,0,0.15789473684210525,0,0,0,2,2026-08-28T20:09:31.803525+00:00
596,2,Aston Villa,defender,45,0,0,0.46153846153846156,0.15789473684210525,0.024844720496894408,0.10018427711791557,0.059259259,0.059259259,0,0.15789473684210525,0,0,0,2,2026-08-28T20:09:31.803525+00:00
597,2,Aston Villa,goalkeeper,50,0,0,0.46153846153846156,0.10526315789473684,0,0.063157895,0,0,0,0.10526315789473684,0,0,0,2,2026-08-28T20:09:31.803525+00:00
606,2,Aston Villa,defender,40,0,0,0.46153846153846156,0.10526315789473684,0,0.063157895,0,0,0,0.10526315789473684,0,0,0,2,2026-08-28T20:09:31.803525+00:00
607,2,Aston Villa,midfielder,45,0,0,0.46153846153846156,0.10526315789473684,0,0.063157895,0,0,0,0.10526315789473684,0,0,0,2,2026-08-28T20:09:31.803525+00:00
611,2,Aston Villa,defender,45,0,0,0.46153846153846156,0.10526315789473684,0,0.063157895,0,0,0,0.10526315789473684,0,0,0,2,2026-08-28T20:09:31.803525+00:00
618,2,Aston Villa,midfielder,60,0,0,0.46153846153846156,0.10526315789473684,0,0.063157895,0,0,0,0.10526315789473684,0,0,0,2,2026-08-28T20:09:31.803525+00:00
57,3,Bournemouth,goalkeeper,45,0,0,0.6153846153846154,0.21052631578947367,0.22981366459627328,0.18263048926664488,0.6666666666666666,0.6666666666666666,0.5,0.21052631578947367,0,0,0,2,2026-08-28T20:09:31.803525+00:00
58,3,Bournemouth,goalkeeper,40,0,0,0.6153846153846154,0.10526315789473684,0,0.063157895,0,0,0.5,0.10526315789473684,0,0,0,2,2026-08-28T20:09:31.803525+00:00
60,3,Bournemouth,defender,55,0,0,0.6153846153846154,0.15789473684210525,0.074534161,0.1355235915876648,0.6666666666666666,0.6666666666666666,0.5,0.15789473684210525,0,0,0,2,2026-08-28T20:09:31.803525+00:00
61,3,Bournemouth,defender,55,0,0,0.6153846153846154,0.15789473684210525,0.10559006211180123,0.1386291816497766,0.6666666666666666,0.6666666666666666,0.5,0.15789473684210525,0,0,0,2,2026-08-28T20:09:31.803525+00:00
62,3,Bournemouth,defender,50,0,0,0.6153846153846154,0.10526315789473684,0,0.063157895,0,0,0.5,0.10526315789473684,0,0,0,2,2026-08-28T20:09:31.803525+00:00
64,3,Bournemouth,defender,45,0,0,0.6153846153846154,0.15789473684210525,0.049689440993788817,0.13303911953797537,0.6666666666666666,0.6666666666666666,0.5,0.15789473684210525,0,0,0,2,2026-08-28T20:09:31.803525+00:00
66,3,Bournemouth,defender,40,0,0,0.6153846153846154,0.10526315789473684,0,0.063157895,0,0,0.5,0.10526315789473684,0,0,0,2,2026-08-28T20:09:31.803525+00:00
67,3,Bournemouth,midfielder,65,0,0.041666667,0.6153846153846154,0.21052631578947367,0.21739130434782608,0.1894086377394574,0.6518518518518519,0.6518518518518519,0.5,0.21052631578947367,0,0,0.035044500953591864,2,2026-08-28T20:09:31.803525+00:00
68,3,Bournemouth,midfielder,60,1,0.2857142857142857,0.6153846153846154,0.631578947,0.4658385093167701,0.5176058114273218,0.6666666666666666,0.6666666666666666,0.5,0.631578947,0,0,0.23496503496503499,2,2026-08-28T20:09:31.803525+00:00
69,3,Bournemouth,midfielder,60,0,0.005952381,0.6153846153846154,0.21052631578947367,0.099378882,0.17081078722955156,0.6666666666666666,0.6666666666666666,0.5,0.21052631578947367,0,0,0.004895105,2,2026-08-28T20:09:31.803525+00:00
70,3,Bournemouth,midfielder,60,0,0.06547619,0.6153846153846154,0.2631578947368421,0.2608695652173913,0.2277612421433932,0.5481481481481482,0.5481481481481482,0.5,0.2631578947368421,0,0,0.065488565,2,2026-08-28T20:09:31.803525+00:00
71,3,Bournemouth,midfielder,50,0,0,0.6153846153846154,0.2631578947368421,0.043478261,0.1900203407068396,0.5555555555555556,0.5555555555555556,0.5,0.2631578947368421,0,0,0,2,2026-08-28T20:09:31.803525+00:00
72,3,Bournemouth,midfielder,50,0,0,0.6153846153846154,0.15789473684210525,0.012422360248447204,0.096349449,0.007407407,0.007407407,0.5,0.15789473684210525,0,0,0,2,2026-08-28T20:09:31.803525+00:00
73,3,Bournemouth,midfielder,50,0,0,0.6153846153846154,0.15789473684210525,0.024844720496894408,0.10277686971050815,0.1111111111111111,0.1111111111111111,0.5,0.15789473684210525,0,0,0,2,2026-08-28T20:09:31.803525+00:00
74,3,Bournemouth,midfielder,50,0,0,0.6153846153846154,0.10526315789473684,0,0.063157895,0,0,0.5,0.10526315789473684,0,0,0,2,2026-08-28T20:09:31.803525+00:00
75,3,Bournemouth,midfielder,50,0,0,0.6153846153846154,0.10526315789473684,0,0.063157895,0,0,0.5,0.10526315789473684,0,0,0,2,2026-08-28T20:09:31.803525+00:00
76,3,Bournemouth,midfielder,50,0,0,0.6153846153846154,0.15789473684210525,0.018633540372670804,0.10215575169808579,0.1111111111111111,0.1111111111111111,0.5,0.15789473684210525,0,0,0,2,2026-08-28T20:09:31.803525+00:00
79,3,Bournemouth,forward,60,0,0.125,0.6153846153846154,0.3157894736842105,0.20496894409937885,0.2686338922837779,0.5481481481481482,0.5481481481481482,0.5,0.3157894736842105,0,0,0.12502362502362505,2,2026-08-28T20:09:31.803525+00:00
81,3,Bournemouth,forward,60,0,0,0.6153846153846154,0.10526315789473684,0,0.063157895,0,0,0.5,0.10526315789473684,0,0,0,2,2026-08-28T20:09:31.803525+00:00
566,3,Bournemouth,defender,50,0,0,0.6153846153846154,0.21052631578947367,0.19875776397515527,0.17952489920453307,0.6666666666666666,0.6666666666666666,0.5,0.21052631578947367,0,0,0,2,2026-08-28T20:09:31.803525+00:00
573,3,Bournemouth,defender,45,0,0,0.6153846153846154,0.10526315789473684,0,0.063157895,0,0,0.5,0.10526315789473684,0,0,0,2,2026-08-28T20:09:31.803525+00:00
608,3,Bournemouth,forward,50,0,0.05952381,0.6153846153846154,0.15789473684210525,0.13043478260869565,0.18676244934826175,0.1111111111111111,0.1111111111111111,0.5,0.15789473684210525,0,0,0.29370629370629375,2,2026-08-28T20:09:31.803525+00:00
615,3,Bournemouth,goalkeeper,45,0,0,0.6153846153846154,0.10526315789473684,0,0.063157895,0,0,0.5,0.10526315789473684,0,0,0,2,2026-08-28T20:09:31.803525+00:00
82,4,Brentford,goalkeeper,50,0,0.005952381,0.846153846,0.47368421052631576,0.19254658385093165,0.3380222942579922,0.6666666666666666,0.6666666666666666,0.5,0.47368421052631576,0,0,0.004895105,2,2026-08-28T20:09:31.803525+00:00
83,4,Brentford,goalkeeper,45,0,0,0.846153846,0.10526315789473684,0,0.063157895,0,0,0.5,0.10526315789473684,0,0,0,2,2026-08-28T20:09:31.803525+00:00
84,4,Brentford,defender,55,0,0.2261904761904762,0.846153846,0.42105263157894735,0.3105590062111801,0.36352430940531627,0.6666666666666666,0.6666666666666666,0.5,0.42105263157894735,0,0,0.18601398601398605,2,2026-08-28T20:09:31.803525+00:00
86,4,Brentford,midfielder,55,0.6666666666666666,0.5297619047619048,0.846153846,0.631578947,0.5093167701863354,0.5721284626891034,0.6666666666666666,0.6666666666666666,0.5,0.631578947,0,0,0.43566433566433577,2,2026-08-28T20:09:31.803525+00:00
87,4,Brentford,defender,45,0,0.077380952,0.846153846,0.5263157894736842,0.3478260869565217,0.3998145066222869,0.6666666666666666,0.6666666666666666,0.5,0.5263157894736842,0,0,0.063636364,2,2026-08-28T20:09:31.803525+00:00
88,4,Brentford,defender,46,0.3333333333333333,0.2976190476190476,0.846153846,0.7894736842105263,0.5031055900621118,0.6251991207368782,0.5555555555555556,0.5555555555555556,0.5,0.7894736842105263,0,0,0.29370629370629375,2,2026-08-28T20:09:31.803525+00:00
89,4,Brentford,defender,45,0,0,0.846153846,0.10526315789473684,0,0.063157895,0,0,0.5,0.10526315789473684,0,0,0,2,2026-08-28T20:09:31.803525+00:00
90,4,Brentford,defender,45,0,0,0.846153846,0.15789473684210525,0,0.099922027,0.1037037037037037,0.1037037037037037,0.5,0.15789473684210525,0,0,0,2,2026-08-28T20:09:31.803525+00:00
92,4,Brentford,defender,45,0,0,0.846153846,0.10526315789473684,0,0.063157895,0,0,0.5,0.10526315789473684,0,0,0,2,2026-08-28T20:09:31.803525+00:00
93,4,Brentford,defender,45,0,0,0.846153846,0.10526315789473684,0,0.063157895,0,0,0.5,0.10526315789473684,0,0,0,2,2026-08-28T20:09:31.803525+00:00
94,4,Brentford,midfielder,60,0,0.3154761904761905,0.846153846,0.2631578947368421,0.5279503105590062,0.3088832410914791,0.6666666666666666,0.6666666666666666,0.5,0.2631578947368421,0,0,0.2594405594405595,2,2026-08-28T20:09:31.803525+00:00
95,4,Brentford,midfielder,65,0,0.2023809523809524,0.846153846,0.2631578947368421,0.2919254658385093,0.26827044370002556,0.4888888888888889,0.4888888888888889,0.5,0.2631578947368421,0,0,0.22695486331849973,2,2026-08-28T20:09:31.803525+00:00
96,4,Brentford,midfielder,55,0,0.06547619,0.846153846,0.15789473684210525,0.21118012422360247,0.20757850125127014,0.1037037037037037,0.1037037037037037,0.5,0.15789473684210525,0,0,0.3461538461538462,2,2026-08-28T20:09:31.803525+00:00
97,4,Brentford,midfielder,55,0,0.25,0.846153846,0.42105263157894735,0.44720496894409933,0.3918855221934065,0.4888888888888889,0.4888888888888889,0.5,0.42105263157894735,0,0,0.28035600762873486,2,2026-08-28T20:09:31.803525+00:00
98,4,Brentford,midfielder,50,0,0.33333333333333337,0.846153846,0.5789473684210527,0.7204968944099378,0.5212829123584273,0.6666666666666666,0.6666666666666666,0.5,0.5789473684210527,0,0,0.2741258741258742,2,2026-08-28T20:09:31.803525+00:00
100,4,Brentford,midfielder,50,0,0,0.846153846,0.10526315789473684,0,0.063157895,0,0,0.5,0.10526315789473684,0,0,0,2,2026-08-28T20:09:31.803525+00:00
102,4,Brentford,midfielder,50,0,0.023809524,0.846153846,0.15789473684210525,0.037267081,0.12613682698350892,0.17037037037037037,0.17037037037037037,0.5,0.15789473684210525,0,0,0.076619033,2,2026-08-28T20:09:31.803525+00:00
103,4,Brentford,midfielder,50,0,0,0.846153846,0.10526315789473684,0,0.063157895,0,0,0.5,0.10526315789473684,0,0,0,2,2026-08-28T20:09:31.803525+00:00
105,4,Brentford,midfielder,60,0,0.2261904761904762,0.846153846,0.15789473684210525,0.2919254658385093,0.3144181109169668,0.17037037037037037,0.17037037037037037,0.5,0.15789473684210525,0,0,0.7278808148373366,2,2026-08-28T20:09:31.803525+00:00
106,4,Brentford,forward,80,0,0.6428571428571429,0.846153846,0.10526315789473684,0.086956522,0.24728617209947795,0.6074074074074074,0.6074074074074074,0.5,0.10526315789473684,0,0,0.5802490192734097,2,2026-08-28T20:09:31.803525+00:00
107,4,Brentford,forward,45,0,0,0.846153846,0.10526315789473684,0,0.063157895,0,0,0.5,0.10526315789473684,0,0,0,2,2026-08-28T20:09:31.803525+00:00
108,4,Brentford,forward,55,0,0.041666667,0.846153846,0.15789473684210525,0.11180124223602483,0.2186494190613184,0.051851852,0.051851852,0.5,0.15789473684210525,0,0,0.44055944055944063,2,2026-08-28T20:09:31.803525+00:00
565,4,Brentford,midfielder,56,1,0.2261904761904762,0.846153846,0.8421052631578947,0.45962732919254656,0.6348078643959651,0.5555555555555556,0.5555555555555556,0.5,0.8421052631578947,0,0,0.2232167832167832,2,2026-08-28T20:09:31.803525+00:00
620,4,Brentford,defender,45,0,0,0.846153846,0.10526315789473684,0,0.063157895,0,0,0.5,0.10526315789473684,0,0,0,2,2026-08-28T20:09:31.803525+00:00
109,5,Brighton,goalkeeper,45,0,0,0.6153846153846154,0.42105263157894735,0.043478261,0.29031273836765825,0.6666666666666666,0.6666666666666666,0,0.42105263157894735,0,0,0,2,2026-08-28T20:09:31.803525+00:00
111,5,Brighton,goalkeeper,40,0,0,0.6153846153846154,0.10526315789473684,0,0.063157895,0,0,0,0.10526315789473684,0,0,0,2,2026-08-28T20:09:31.803525+00:00
113,5,Brighton,defender,45,0,0,0.6153846153846154,0.10526315789473684,0,0.063157895,0,0,0,0.10526315789473684,0,0,0,2,2026-08-28T20:09:31.803525+00:00
114,5,Brighton,defender,45,0,0.023809524,0.6153846153846154,0.42105263157894735,0.18012422360248445,0.30887243953605514,0.6666666666666666,0.6666666666666666,0,0.42105263157894735,0,0,0.019580419580419582,2,2026-08-28T20:09:31.803525+00:00
115,5,Brighton,defender,46,0.6666666666666666,1,0.6153846153846154,1,0.8012422360248447,0.9489478915170616,0.5703703703703704,0.5703703703703704,0,1,0,0,0.961220598,2,2026-08-28T20:09:31.803525+00:00
116,5,Brighton,defender,45,0,0.023809524,0.6153846153846154,0.42105263157894735,0.12422360248447203,0.3032823774242539,0.6666666666666666,0.6666666666666666,0,0.42105263157894735,0,0,0.019580419580419582,2,2026-08-28T20:09:31.803525+00:00
117,5,Brighton,defender,45,0,0,0.6153846153846154,0.10526315789473684,0,0.063157895,0,0,0,0.10526315789473684,0,0,0,2,2026-08-28T20:09:31.803525+00:00
118,5,Brighton,defender,45,0,0,0.6153846153846154,0.10526315789473684,0,0.063157895,0,0,0,0.10526315789473684,0,0,0,2,2026-08-28T20:09:31.803525+00:00
119,5,Brighton,defender,45,0,0.071428571,0.6153846153846154,0.15789473684210525,0.17391304347826084,0.17259155768573123,0.1925925925925926,0.1925925925925926,0,0.15789473684210525,0,0,0.20333512641204948,2,2026-08-28T20:09:31.803525+00:00
120,5,Brighton,defender,50,0,0,0.6153846153846154,0.10526315789473684,0,0.063157895,0,0,0,0.10526315789473684,0,0,0,2,2026-08-28T20:09:31.803525+00:00
123,5,Brighton,midfielder,60,1,0.8511904761904762,0.6153846153846154,0.9473684210526315,0.9006211180124223,0.9318164977661545,0.4666666666666667,0.4666666666666667,0,0.9473684210526315,0,0,1,2,2026-08-28T20:09:31.803525+00:00
124,5,Brighton,midfielder,55,0,0.16071428571428573,0.6153846153846154,0.21052631578947367,0.5341614906832297,0.24610722991729855,0.6666666666666666,0.6666666666666666,0,0.21052631578947367,0,0,0.13216783216783218,2,2026-08-28T20:09:31.803525+00:00
125,5,Brighton,forward,55,0,0.30952380952380953,0.6153846153846154,0.3684210526315789,0.28571428571428564,0.3465937571200729,0.6666666666666666,0.6666666666666666,0,0.3684210526315789,0,0,0.2545454545454546,2,2026-08-28T20:09:31.803525+00:00
126,5,Brighton,midfielder,55,0,0,0.6153846153846154,0.10526315789473684,0,0.063157895,0,0,0,0.10526315789473684,0,0,0,2,2026-08-28T20:09:31.803525+00:00
127,5,Brighton,midfielder,50,0,0.3928571428571429,0.6153846153846154,0.42105263157894735,0.6149068322981366,0.43112410564961384,0.6296296296296297,0.6296296296296297,0,0.42105263157894735,0,0,0.34208144796380097,2,2026-08-28T20:09:31.803525+00:00
129,5,Brighton,midfielder,55,0,0.083333333,0.6153846153846154,0.21052631578947367,0.10559006211180123,0.18468365349372212,0.4666666666666667,0.4666666666666667,0,0.21052631578947367,0,0,0.097902098,2,2026-08-28T20:09:31.803525+00:00
130,5,Brighton,defender,50,0.3333333333333333,0.083333333,0.6153846153846154,0.47368421052631576,0.30434782608695654,0.3631892565593418,0.5703703703703704,0.5703703703703704,0,0.47368421052631576,0,0,0.080101716,2,2026-08-28T20:09:31.803525+00:00
134,5,Brighton,midfielder,45,0,0,0.6153846153846154,0.10526315789473684,0,0.063157895,0,0,0,0.10526315789473684,0,0,0,2,2026-08-28T20:09:31.803525+00:00
135,5,Brighton,midfielder,50,0,0.017857142857142856,0.6153846153846154,0.15789473684210525,0.012422360248447204,0.12795848760951736,0.088888889,0.088888889,0,0.15789473684210525,0,0,0.11013986013986016,2,2026-08-28T20:09:31.803525+00:00
138,5,Brighton,forward,55,0,0.10714285714285714,0.6153846153846154,0.15789473684210525,0.055900621,0.1862072062512126,0.1925925925925926,0.1925925925925926,0,0.15789473684210525,0,0,0.3050026896180742,2,2026-08-28T20:09:31.803525+00:00
328,5,Brighton,defender,50,0,0,0.6153846153846154,0.10526315789473684,0,0.063157895,0,0,0,0.10526315789473684,0,0,0,2,2026-08-28T20:09:31.803525+00:00
504,5,Brighton,defender,50,0,0.095238095,0.6153846153846154,0.42105263157894735,0.18012422360248445,0.3235577542213698,0.6666666666666666,0.6666666666666666,0,0.42105263157894735,0,0,0.078321678,2,2026-08-28T20:09:31.803525+00:00
594,5,Brighton,forward,60,0,0,0.6153846153846154,0.10526315789473684,0,0.063157895,0,0,0,0.10526315789473684,0,0,0,2,2026-08-28T20:09:31.803525+00:00
600,5,Brighton,midfielder,50,0,0.029761904761904764,0.6153846153846154,0.15789473684210525,0.14906832298136644,0.15997972723945264,0.088888889,0.088888889,0,0.15789473684210525,0,0,0.18356643356643357,2,2026-08-28T20:09:31.803525+00:00
605,5,Brighton,midfielder,45,0,0.005952381,0.6153846153846154,0.15789473684210525,0.018633540372670804,0.12561664265897676,0.02962963,0.02962963,0,0.15789473684210525,0,0,0.11013986013986016,2,2026-08-28T20:09:31.803525+00:00
614,5,Brighton,defender,45,0,0,0.6153846153846154,0.10526315789473684,0,0.063157895,0,0,0,0.10526315789473684,0,0,0,2,2026-08-28T20:09:31.803525+00:00
40,6,Chelsea,midfielder,75,0.3333333333333333,0.630952381,0.6923076923076925,0.5263157894736842,0.8136645962732918,0.5712895774451838,0.6,0.6,1,0.5263157894736842,0,0,0.5765345765345766,2,2026-08-28T20:09:31.803525+00:00
101,6,Chelsea,midfielder,50,0,0,0.6923076923076925,0.10526315789473684,0,0.063157895,0,0,1,0.10526315789473684,0,0,0,2,2026-08-28T20:09:31.803525+00:00
136,6,Chelsea,forward,60,0,0,0.6923076923076925,0.10526315789473684,0,0.063157895,0,0,1,0.10526315789473684,0,0,0,2,2026-08-28T20:09:31.803525+00:00
140,6,Chelsea,goalkeeper,50,0,0.005952381,0.6923076923076925,0.21052631578947367,0.13043478260869565,0.17391637729166334,0.6666666666666666,0.6666666666666666,1,0.21052631578947367,0,0,0.004895105,2,2026-08-28T20:09:31.803525+00:00
142,6,Chelsea,defender,55,0,0.1011904761904762,0.6923076923076925,0.10526315789473684,0.3664596273291925,0.15394138660729048,0.6666666666666666,0.6666666666666666,1,0.10526315789473684,0,0,0.083216783,2,2026-08-28T20:09:31.803525+00:00
144,6,Chelsea,defender,50,0,0.017857142857142856,0.6923076923076925,0.15789473684210525,0.14285714285714282,0.14120592857434963,0.5555555555555556,0.5555555555555556,1,0.15789473684210525,0,0,0.017622377622377623,2,2026-08-28T20:09:31.803525+00:00
145,6,Chelsea,defender,50,0,0,0.6923076923076925,0.10526315789473684,0,0.063157895,0,0,1,0.10526315789473684,0,0,0,2,2026-08-28T20:09:31.803525+00:00
147,6,Chelsea,defender,45,0,0,0.6923076923076925,0.10526315789473684,0,0.063157895,0,0,1,0.10526315789473684,0,0,0,2,2026-08-28T20:09:31.803525+00:00
148,6,Chelsea,defender,45,0,0.023809524,0.6923076923076925,0.15789473684210525,0.19875776397515527,0.14520006346522366,0.4740740740740741,0.4740740740740741,1,0.15789473684210525,0,0,0.027534965,2,2026-08-28T20:09:31.803525+00:00
149,6,Chelsea,defender,50,0,0.023809524,0.6923076923076925,0.10526315789473684,0.093167702,0.11070310315161574,0.6666666666666666,0.6666666666666666,1,0.10526315789473684,0,0,0.019580419580419582,2,2026-08-28T20:09:31.803525+00:00
150,6,Chelsea,defender,45,0,0,0.6923076923076925,0.10526315789473684,0,0.063157895,0,0,1,0.10526315789473684,0,0,0,2,2026-08-28T20:09:31.803525+00:00
151,6,Chelsea,defender,45,0,0.005952381,0.6923076923076925,0.2631578947368421,0.22981366459627328,0.21543321285884215,0.6666666666666666,0.6666666666666666,1,0.2631578947368421,0,0,0.004895105,2,2026-08-28T20:09:31.803525+00:00
152,6,Chelsea,defender,55,0,0,0.6923076923076925,0.10526315789473684,0,0.063157895,0,0,1,0.10526315789473684,0,0,0,2,2026-08-28T20:09:31.803525+00:00
154,6,Chelsea,midfielder,95,1,0.27976190476190477,0.6923076923076925,0.7894736842105263,1,0.6671835251231912,0.6074074074074074,0.6074074074074074,1,0.7894736842105263,0,0,0.25251577690602084,2,2026-08-28T20:09:31.803525+00:00
155,6,Chelsea,midfielder,70,0,0.011904761904761906,0.6923076923076925,0.15789473684210525,0.093167702,0.12212406036204664,0.18518518518518517,0.18518518518518517,1,0.15789473684210525,0,0,0.035244755,2,2026-08-28T20:09:31.803525+00:00
156,6,Chelsea,midfielder,65,0,0.05952381,0.6923076923076925,0.15789473684210525,0.080745342,0.1866678901232677,0.1037037037037037,0.1037037037037037,1,0.15789473684210525,0,0,0.31468531468531474,2,2026-08-28T20:09:31.803525+00:00
157,6,Chelsea,midfielder,65,0,0,0.6923076923076925,0.15789473684210525,0.00621118,0.097950553,0.051851852,0.051851852,1,0.15789473684210525,0,0,0,2,2026-08-28T20:09:31.803525+00:00
158,6,Chelsea,midfielder,60,0,0,0.6923076923076925,0.10526315789473684,0,0.063157895,0,0,1,0.10526315789473684,0,0,0,2,2026-08-28T20:09:31.803525+00:00
159,6,Chelsea,midfielder,55,0,0,0.6923076923076925,0.10526315789473684,0,0.063157895,0,0,1,0.10526315789473684,0,0,0,2,2026-08-28T20:09:31.803525+00:00
161,6,Chelsea,midfielder,50,0,0.14285714285714285,0.6923076923076925,0.15789473684210525,0.42857142857142855,0.2026001362185573,0.4740740740740741,0.4740740740740741,1,0.15789473684210525,0,0,0.1652097902097902,2,2026-08-28T20:09:31.803525+00:00
163,6,Chelsea,midfielder,45,0,0,0.6923076923076925,0.10526315789473684,0,0.063157895,0,0,1,0.10526315789473684,0,0,0,2,2026-08-28T20:09:31.803525+00:00
164,6,Chelsea,midfielder,55,0,0,0.6923076923076925,0.15789473684210525,0.024844720496894408,0.10018427711791557,0.059259259,0.059259259,1,0.15789473684210525,0,0,0,2,2026-08-28T20:09:31.803525+00:00
165,6,Chelsea,forward,76,0.6666666666666666,0.4107142857142857,0.6923076923076925,0.6842105263157895,0.6894409937888198,0.5972443079422485,0.6666666666666666,0.6666666666666666,1,0.6842105263157895,0,0,0.33776223776223774,2,2026-08-28T20:09:31.803525+00:00
166,6,Chelsea,forward,65,0,0,0.6923076923076925,0.10526315789473684,0,0.063157895,0,0,1,0.10526315789473684,0,0,0,2,2026-08-28T20:09:31.803525+00:00
168,6,Chelsea,forward,50,0,0,0.6923076923076925,0.10526315789473684,0,0.063157895,0,0,1,0.10526315789473684,0,0,0,2,2026-08-28T20:09:31.803525+00:00
169,6,Chelsea,forward,45,0,0,0.6923076923076925,0.10526315789473684,0,0.063157895,0,0,1,0.10526315789473684,0,0,0,2,2026-08-28T20:09:31.803525+00:00
170,6,Chelsea,forward,50,0,0,0.6923076923076925,0.10526315789473684,0,0.063157895,0,0,1,0.10526315789473684,0,0,0,2,2026-08-28T20:09:31.803525+00:00
200,6,Chelsea,defender,60,0,0.11904761904761905,0.6923076923076925,0.42105263157894735,0.35403726708074534,0.34584416346430075,0.6666666666666666,0.6666666666666666,1,0.42105263157894735,0,0,0.097902098,2,2026-08-28T20:09:31.803525+00:00
560,6,Chelsea,goalkeeper,45,0,0,0.6923076923076925,0.10526315789473684,0,0.063157895,0,0,1,0.10526315789473684,0,0,0,2,2026-08-28T20:09:31.803525+00:00
561,6,Chelsea,defender,45,0,0,0.6923076923076925,0.10526315789473684,0,0.063157895,0,0,1,0.10526315789473684,0,0,0,2,2026-08-28T20:09:31.803525+00:00
568,6,Chelsea,midfielder,55,0,0,0.6923076923076925,0.10526315789473684,0,0.063157895,0,0,1,0.10526315789473684,0,0,0,2,2026-08-28T20:09:31.803525+00:00
578,6,Chelsea,midfielder,55,0,0,0.6923076923076925,0.10526315789473684,0,0.063157895,0,0,1,0.10526315789473684,0,0,0,2,2026-08-28T20:09:31.803525+00:00
583,6,Chelsea,defender,50,0,0,0.6923076923076925,0.15789473684210525,0.031055901,0.10710169142663423,0.18518518518518517,0.18518518518518517,1,0.15789473684210525,0,0,0,2,2026-08-28T20:09:31.803525+00:00
91,7,Coventry City,defender,45,0,0,0.6923076923076925,0.10526315789473684,0,0.063157895,0,0,1,0.10526315789473684,0,0,0,2,2026-08-28T20:09:31.803525+00:00
104,7,Coventry City,midfielder,50,0,0.005952381,0.6923076923076925,0.21052631578947367,0.031055901,0.16397848909290558,0.6666666666666666,0.6666666666666666,1,0.21052631578947367,0,0,0.004895105,2,2026-08-28T20:09:31.803525+00:00
110,7,Coventry City,goalkeeper,45,0,0.005952381,0.6923076923076925,0.15789473684210525,0.086956522,0.13798960383628575,0.6666666666666666,0.6666666666666666,1,0.15789473684210525,0,0,0.004895105,2,2026-08-28T20:09:31.803525+00:00
171,7,Coventry City,goalkeeper,40,0,0,0.6923076923076925,0.10526315789473684,0,0.063157895,0,0,1,0.10526315789473684,0,0,0,2,2026-08-28T20:09:31.803525+00:00
172,7,Coventry City,goalkeeper,45,0,0,0.6923076923076925,0.10526315789473684,0,0.063157895,0,0,1,0.10526315789473684,0,0,0,2,2026-08-28T20:09:31.803525+00:00
173,7,Coventry City,defender,40,0,0.017857142857142856,0.6923076923076925,0.2631578947368421,0.21739130434782608,0.2166385292815499,0.6666666666666666,0.6666666666666666,1,0.2631578947368421,0,0,0.014685314685314687,2,2026-08-28T20:09:31.803525+00:00
174,7,Coventry City,defender,40,0,0,0.6923076923076925,0.10526315789473684,0,0.063157895,0,0,1,0.10526315789473684,0,0,0,2,2026-08-28T20:09:31.803525+00:00
175,7,Coventry City,defender,40,0,0.005952381,0.6923076923076925,0.15789473684210525,0.093167702,0.13861072184870812,0.6666666666666666,0.6666666666666666,1,0.15789473684210525,0,0,0.004895105,2,2026-08-28T20:09:31.803525+00:00
176,7,Coventry City,defender,40,0,0.011904761904761906,0.6923076923076925,0.15789473684210525,0.11180124223602483,0.14169785210975142,0.6666666666666666,0.6666666666666666,1,0.15789473684210525,0,0,0.00979021,2,2026-08-28T20:09:31.803525+00:00
178,7,Coventry City,defender,40,0,0,0.6923076923076925,0.10526315789473684,0,0.063157895,0,0,1,0.10526315789473684,0,0,0,2,2026-08-28T20:09:31.803525+00:00
179,7,Coventry City,defender,40,0,0,0.6923076923076925,0.10526315789473684,0,0.063157895,0,0,1,0.10526315789473684,0,0,0,2,2026-08-28T20:09:31.803525+00:00
181,7,Coventry City,defender,40,0,0,0.6923076923076925,0.10526315789473684,0,0.063157895,0,0,1,0.10526315789473684,0,0,0,2,2026-08-28T20:09:31.803525+00:00
182,7,Coventry City,defender,40,0,0.005952381,0.6923076923076925,0.15789473684210525,0.18633540372670807,0.14792749203504352,0.6666666666666666,0.6666666666666666,1,0.15789473684210525,0,0,0.004895105,2,2026-08-28T20:09:31.803525+00:00
183,7,Coventry City,midfielder,50,0,0.089285714,0.6923076923076925,0.15789473684210525,0.16149068322981366,0.20089821294054705,0.14814814814814814,0.14814814814814814,1,0.15789473684210525,0,0,0.3304195804195804,2,2026-08-28T20:09:31.803525+00:00
184,7,Coventry City,midfielder,50,0,0.005952381,0.6923076923076925,0.21052631578947367,0.10559006211180123,0.17143190524197385,0.6666666666666666,0.6666666666666666,1,0.21052631578947367,0,0,0.004895105,2,2026-08-28T20:09:31.803525+00:00
185,7,Coventry City,midfielder,50,0,0,0.6923076923076925,0.10526315789473684,0,0.063157895,0,0,1,0.10526315789473684,0,0,0,2,2026-08-28T20:09:31.803525+00:00
186,7,Coventry City,midfielder,55,0,0,0.6923076923076925,0.10526315789473684,0,0.063157895,0,0,1,0.10526315789473684,0,0,0,2,2026-08-28T20:09:31.803525+00:00
187,7,Coventry City,midfielder,50,0,0,0.6923076923076925,0.10526315789473684,0,0.063157895,0,0,1,0.10526315789473684,0,0,0,2,2026-08-28T20:09:31.803525+00:00
188,7,Coventry City,midfielder,55,0,0.06547619,0.6923076923076925,0.15789473684210525,0.14285714285714282,0.16266215753057855,0.2074074074074074,0.2074074074074074,1,0.15789473684210525,0,0,0.1730769230769231,2,2026-08-28T20:09:31.803525+00:00
189,7,Coventry City,midfielder,45,0,0,0.6923076923076925,0.10526315789473684,0,0.063157895,0,0,1,0.10526315789473684,0,0,0,2,2026-08-28T20:09:31.803525+00:00
190,7,Coventry City,midfielder,55,0,0.035714286,0.6923076923076925,0.21052631578947367,0.068322981,0.17130659576883833,0.6,0.6,1,0.21052631578947367,0,0,0.032634033,2,2026-08-28T20:09:31.803525+00:00
191,7,Coventry City,midfielder,45,0,0,0.6923076923076925,0.10526315789473684,0,0.063157895,0,0,1,0.10526315789473684,0,0,0,2,2026-08-28T20:09:31.803525+00:00
192,7,Coventry City,midfielder,45,0,0,0.6923076923076925,0.10526315789473684,0,0.063157895,0,0,1,0.10526315789473684,0,0,0,2,2026-08-28T20:09:31.803525+00:00
194,7,Coventry City,forward,50,0,0.011904761904761906,0.6923076923076925,0.21052631578947367,0.037267081,0.15879051281797277,0.5111111111111111,0.5111111111111111,1,0.21052631578947367,0,0,0.012769838856795378,2,2026-08-28T20:09:31.803525+00:00
195,7,Coventry City,forward,50,0,0.005952381,0.6923076923076925,0.21052631578947367,0.10559006211180123,0.16402658109751933,0.5111111111111111,0.5111111111111111,1,0.21052631578947367,0,0,0.006384919,2,2026-08-28T20:09:31.803525+00:00
492,7,Coventry City,forward,55,0,0,0.6923076923076925,0.15789473684210525,0.00621118,0.10276536752509292,0.14814814814814814,0.14814814814814814,1,0.15789473684210525,0,0,0,2,2026-08-28T20:09:31.803525+00:00
575,7,Coventry City,midfielder,50,0,0,0.6923076923076925,0.15789473684210525,0,0.11732943469785577,0.45185185185185184,0.45185185185185184,1,0.15789473684210525,0,0,0,2,2026-08-28T20:09:31.803525+00:00
584,7,Coventry City,midfielder,55,0,0,0.6923076923076925,0.15789473684210525,0.00621118,0.098320923,0.059259259,0.059259259,1,0.15789473684210525,0,0,0,2,2026-08-28T20:09:31.803525+00:00
599,7,Coventry City,forward,50,0,0,0.6923076923076925,0.10526315789473684,0,0.063157895,0,0,1,0.10526315789473684,0,0,0,2,2026-08-28T20:09:31.803525+00:00
42,8,Crystal Palace,midfielder,55,0,0.029761904761904764,0.3846153846153849,0.15789473684210525,0.074534161,0.1325865286506019,0.2,0.2,0,0.15789473684210525,0,0,0.081585082,2,2026-08-28T20:09:31.803525+00:00
153,8,Crystal Palace,defender,45,0,0,0.3846153846153849,0.10526315789473684,0,0.063157895,0,0,0,0.10526315789473684,0,0,0,2,2026-08-28T20:09:31.803525+00:00
198,8,Crystal Palace,goalkeeper,50,0,0,0.3846153846153849,0.3157894736842105,0.17391304347826084,0.21475972540045768,1,1,0,0.21052631578947367,0,0,0,2,2026-08-28T20:09:31.803525+00:00
199,8,Crystal Palace,goalkeeper,45,0,0,0.3846153846153849,0.10526315789473684,0,0.063157895,0,0,0,0.10526315789473684,0,0,0,2,2026-08-28T20:09:31.803525+00:00
201,8,Crystal Palace,defender,55,0,0.14285714285714285,0.3846153846153849,0.10526315789473684,0.14906832298136644,0.14701577598602772,0.4,0.4,0,0.10526315789473684,0,0,0.19580419580419584,2,2026-08-28T20:09:31.803525+00:00
202,8,Crystal Palace,defender,50,0,0.017857142857142856,0.3846153846153849,0.3157894736842105,0.26708074534161486,0.22652404803434556,1,1,0,0.21052631578947367,0,0,0.00979021,2,2026-08-28T20:09:31.803525+00:00
203,8,Crystal Palace,defender,50,0,0.035714286,0.3846153846153849,0.21052631578947367,0.23602484472049687,0.18376074726189137,1,1,0,0.15789473684210525,0,0,0.01958042,2,2026-08-28T20:09:31.803525+00:00
204,8,Crystal Palace,defender,45,0,0.077380952,0.3846153846153849,0.21052631578947367,0.16770186335403725,0.18263940483620117,1,1,0,0.15789473684210525,0,0,0.042424242,2,2026-08-28T20:09:31.803525+00:00
205,8,Crystal Palace,defender,45,0,0,0.3846153846153849,0.10526315789473684,0,0.063157895,0,0,0,0.10526315789473684,0,0,0,2,2026-08-28T20:09:31.803525+00:00
207,8,Crystal Palace,defender,45,0,0,0.3846153846153849,0.10526315789473684,0,0.063157895,0,0,0,0.10526315789473684,0,0,0,2,2026-08-28T20:09:31.803525+00:00
210,8,Crystal Palace,midfielder,55,0,0.18452380952380953,0.3846153846153849,0.3684210526315789,0.29813664596273287,0.27352609251922755,1,1,0,0.23684210526315788,0,0,0.10116550116550117,2,2026-08-28T20:09:31.803525+00:00
211,8,Crystal Palace,midfielder,55,0,0.089285714,0.3846153846153849,0.21052631578947367,0.086956522,0.1642396634745033,0.5925925925925926,0.5925925925925926,0,0.15789473684210525,0,0,0.082604895,2,2026-08-28T20:09:31.803525+00:00
212,8,Crystal Palace,midfielder,45,0,0,0.3846153846153849,0.10526315789473684,0,0.063157895,0,0,0,0.10526315789473684,0,0,0,2,2026-08-28T20:09:31.803525+00:00
213,8,Crystal Palace,midfielder,50,0,0,0.3846153846153849,0.10526315789473684,0,0.063157895,0,0,0,0.10526315789473684,0,0,0,2,2026-08-28T20:09:31.803525+00:00
214,8,Crystal Palace,midfielder,50,0,0.1904761904761905,0.3846153846153849,0.3157894736842105,0.3105590062111801,0.2545315477809757,1,1,0,0.21052631578947367,0,0,0.10442890442890443,2,2026-08-28T20:09:31.803525+00:00
215,8,Crystal Palace,midfielder,50,0,0,0.3846153846153849,0.10526315789473684,0,0.063157895,0,0,0,0.10526315789473684,0,0,0,2,2026-08-28T20:09:31.803525+00:00
216,8,Crystal Palace,midfielder,50,0,0,0.3846153846153849,0.10526315789473684,0,0.063157895,0,0,0,0.10526315789473684,0,0,0,2,2026-08-28T20:09:31.803525+00:00
217,8,Crystal Palace,midfielder,50,0,0,0.3846153846153849,0.10526315789473684,0,0.063157895,0,0,0,0.10526315789473684,0,0,0,2,2026-08-28T20:09:31.803525+00:00
218,8,Crystal Palace,midfielder,50,0,0,0.3846153846153849,0.10526315789473684,0,0.063157895,0,0,0,0.10526315789473684,0,0,0,2,2026-08-28T20:09:31.803525+00:00
219,8,Crystal Palace,midfielder,50,0,0,0.3846153846153849,0.10526315789473684,0,0.063157895,0,0,0,0.10526315789473684,0,0,0,2,2026-08-28T20:09:31.803525+00:00
221,8,Crystal Palace,midfielder,45,0,0,0.3846153846153849,0.10526315789473684,0,0.063157895,0,0,0,0.10526315789473684,0,0,0,2,2026-08-28T20:09:31.803525+00:00
222,8,Crystal Palace,forward,60,0,0.1904761904761905,0.3846153846153849,0.21052631578947367,0.13664596273291926,0.19454546978574438,0.5333333333333333,0.5333333333333333,0,0.15789473684210525,0,0,0.19580419580419584,2,2026-08-28T20:09:31.803525+00:00
223,8,Crystal Palace,forward,65,0,0.42857142857142855,0.3846153846153849,0.21052631578947367,0.15527950310559005,0.2927110564580115,0.45925925925925926,0.45925925925925926,0,0.21052631578947367,0,0,0.5116174148432213,2,2026-08-28T20:09:31.803525+00:00
224,8,Crystal Palace,forward,55,0,0.7380952380952381,0.3846153846153849,0.21052631578947367,0.3602484472049689,0.31489846622569734,0.7407407407407407,0.7407407407407407,0,0.15789473684210525,0,0,0.5462937062937063,2,2026-08-28T20:09:31.803525+00:00
241,8,Crystal Palace,midfielder,55,0,0.041666667,0.3846153846153849,0.21052631578947367,0.099378882,0.17165178613506657,0.45925925925925926,0.45925925925925926,0,0.21052631578947367,0,0,0.049740581998646526,2,2026-08-28T20:09:31.803525+00:00
555,8,Crystal Palace,goalkeeper,40,0,0,0.3846153846153849,0.10526315789473684,0,0.063157895,0,0,0,0.10526315789473684,0,0,0,2,2026-08-28T20:09:31.803525+00:00
577,8,Crystal Palace,defender,45,0,0.005952381,0.3846153846153849,0.21052631578947367,0.031055901,0.13345033303843373,0.4666666666666667,0.4666666666666667,0,0.15789473684210525,0,0,0.006993007,2,2026-08-28T20:09:31.803525+00:00
588,8,Crystal Palace,defender,50,0,0.1011904761904762,0.3846153846153849,0.21052631578947367,0.3416149068322981,0.19245899848731657,0.5925925925925926,0.5925925925925926,0,0.15789473684210525,0,0,0.093618881,2,2026-08-28T20:09:31.803525+00:00
595,8,Crystal Palace,midfielder,50,0,0,0.3846153846153849,0.10526315789473684,0,0.063157895,0,0,0,0.10526315789473684,0,0,0,2,2026-08-28T20:09:31.803525+00:00
209,9,Everton,midfielder,60,0,0,0.3846153846153846,0.15789473684210525,0.024844720496894408,0.099443536,0.044444444444444446,0.044444444444444446,0.5,0.15789473684210525,0,0,0,2,2026-08-28T20:09:31.803525+00:00
226,9,Everton,goalkeeper,55,0,0.011904761904761906,0.3846153846153846,0.47368421052631576,0.19875776397515527,0.3398671884941908,0.6666666666666666,0.6666666666666666,0.5,0.47368421052631576,0,0,0.00979021,2,2026-08-28T20:09:31.803525+00:00
227,9,Everton,goalkeeper,50,0,0,0.3846153846153846,0.10526315789473684,0,0.063157895,0,0,0.5,0.10526315789473684,0,0,0,2,2026-08-28T20:09:31.803525+00:00
228,9,Everton,goalkeeper,45,0,0,0.3846153846153846,0.10526315789473684,0,0.063157895,0,0,0.5,0.10526315789473684,0,0,0,2,2026-08-28T20:09:31.803525+00:00
229,9,Everton,defender,60,0,0.029761904761904764,0.3846153846153846,0.42105263157894735,0.12422360248447203,0.30450615364803013,0.6666666666666666,0.6666666666666666,0.5,0.42105263157894735,0,0,0.024475524,2,2026-08-28T20:09:31.803525+00:00
230,9,Everton,defender,55,0,0.005952381,0.3846153846153846,0.42105263157894735,0.15527950310559005,0.30271663881503696,0.6666666666666666,0.6666666666666666,0.5,0.42105263157894735,0,0,0.004895105,2,2026-08-28T20:09:31.803525+00:00
231,9,Everton,defender,50,0,0,0.3846153846153846,0.10526315789473684,0,0.063157895,0,0,0.5,0.10526315789473684,0,0,0,2,2026-08-28T20:09:31.803525+00:00
232,9,Everton,defender,50,0,0,0.3846153846153846,0.10526315789473684,0,0.063157895,0,0,0.5,0.10526315789473684,0,0,0,2,2026-08-28T20:09:31.803525+00:00
233,9,Everton,defender,45,0,0.029761904761904764,0.3846153846153846,0.42105263157894735,0.18012422360248445,0.3100962157598314,0.6666666666666666,0.6666666666666666,0.5,0.42105263157894735,0,0,0.024475524,2,2026-08-28T20:09:31.803525+00:00
234,9,Everton,defender,45,0,0,0.3846153846153846,0.10526315789473684,0,0.063157895,0,0,0.5,0.10526315789473684,0,0,0,2,2026-08-28T20:09:31.803525+00:00
235,9,Everton,defender,40,0,0,0.3846153846153846,0.10526315789473684,0,0.063157895,0,0,0.5,0.10526315789473684,0,0,0,2,2026-08-28T20:09:31.803525+00:00
236,9,Everton,midfielder,65,1,0.17261904761904762,0.3846153846153846,0.6842105263157895,0.6086956521739131,0.5402187248297089,0.6666666666666666,0.6666666666666666,0.5,0.6842105263157895,0,0,0.14195804195804196,2,2026-08-28T20:09:31.803525+00:00
237,9,Everton,midfielder,60,0.3333333333333333,0.33333333333333337,0.3846153846153846,0.5789473684210527,0.8012422360248447,0.529357447,0.6666666666666666,0.6666666666666666,0.5,0.5789473684210527,0,0,0.2741258741258742,2,2026-08-28T20:09:31.803525+00:00
239,9,Everton,midfielder,60,0,0.017857142857142856,0.3846153846153846,0.15789473684210525,0.11801242236024843,0.1406503020898694,0.081481481,0.081481481,0.5,0.15789473684210525,0,0,0.12015257469802924,2,2026-08-28T20:09:31.803525+00:00
242,9,Everton,midfielder,55,0,0.15476190476190477,0.3846153846153846,0.2631578947368421,0.3416149068322981,0.2572986112014537,0.6148148148148148,0.6148148148148148,0.5,0.2631578947368421,0,0,0.13800657174151154,2,2026-08-28T20:09:31.803525+00:00
243,9,Everton,midfielder,50,0,0.011904761904761906,0.3846153846153846,0.15789473684210525,0.13664596273291926,0.32905152902864576,0.007407407,0.007407407,0.5,0.15789473684210525,0,0,0.8811188811188813,2,2026-08-28T20:09:31.803525+00:00
244,9,Everton,midfielder,50,0,0.023809524,0.3846153846153846,0.5263157894736842,0.29813664596273287,0.383831577,0.6666666666666666,0.6666666666666666,0.5,0.5263157894736842,0,0,0.019580419580419582,2,2026-08-28T20:09:31.803525+00:00
245,9,Everton,midfielder,55,0,0,0.3846153846153846,0.10526315789473684,0,0.063157895,0,0,0.5,0.10526315789473684,0,0,0,2,2026-08-28T20:09:31.803525+00:00
246,9,Everton,midfielder,50,0,0.035714286,0.3846153846153846,0.2631578947368421,0.18012422360248445,0.21658314987834437,0.6666666666666666,0.6666666666666666,0.5,0.2631578947368421,0,0,0.029370629370629373,2,2026-08-28T20:09:31.803525+00:00
247,9,Everton,midfielder,55,0,0.011904761904761906,0.3846153846153846,0.2631578947368421,0.16149068322981366,0.20575679303192065,0.5777777777777777,0.5777777777777777,0.5,0.2631578947368421,0,0,0.011296395911780529,2,2026-08-28T20:09:31.803525+00:00
248,9,Everton,forward,55,0,0.029761904761904764,0.3846153846153846,0.15789473684210525,0.012422360248447204,0.15011672499502746,0.081481481,0.081481481,0.5,0.15789473684210525,0,0,0.20025429116338211,2,2026-08-28T20:09:31.803525+00:00
249,9,Everton,forward,55,0.6666666666666666,0.32142857142857145,0.3846153846153846,0.5263157894736842,0.6086956521739131,0.4817986001950093,0.5777777777777777,0.5777777777777777,0.5,0.5263157894736842,0,0,0.30500268961807425,2,2026-08-28T20:09:31.803525+00:00
250,10,Fulham,goalkeeper,45,0,0,0.46153846153846156,0.21052631578947367,0.18633540372670807,0.17828266317968836,0.6666666666666666,0.6666666666666666,0.5,0.21052631578947367,0,0,0,2,2026-08-28T20:09:31.803525+00:00
251,10,Fulham,goalkeeper,40,0,0,0.46153846153846156,0.10526315789473684,0,0.063157895,0,0,0.5,0.10526315789473684,0,0,0,2,2026-08-28T20:09:31.803525+00:00
252,10,Fulham,goalkeeper,40,0,0,0.46153846153846156,0.10526315789473684,0,0.063157895,0,0,0.5,0.10526315789473684,0,0,0,2,2026-08-28T20:09:31.803525+00:00
253,10,Fulham,defender,50,0,0,0.46153846153846156,0.10526315789473684,0,0.063157895,0,0,0.5,0.10526315789473684,0,0,0,2,2026-08-28T20:09:31.803525+00:00
254,10,Fulham,defender,45,0,0.1011904761904762,0.46153846153846156,0.15789473684210525,0.3105590062111801,0.17890851584215428,0.6,0.6,0.5,0.15789473684210525,0,0,0.092463092,2,2026-08-28T20:09:31.803525+00:00
255,10,Fulham,defender,45,0,0.017857142857142856,0.46153846153846156,0.2631578947368421,0.3354037267080745,0.22843977151757466,0.6666666666666666,0.6666666666666666,0.5,0.2631578947368421,0,0,0.014685314685314687,2,2026-08-28T20:09:31.803525+00:00
256,10,Fulham,defender,45,0,0,0.46153846153846156,0.10526315789473684,0,0.063157895,0,0,0.5,0.10526315789473684,0,0,0,2,2026-08-28T20:09:31.803525+00:00
257,10,Fulham,defender,45,0,0.023809524,0.46153846153846156,0.10526315789473684,0.12422360248447203,0.11380869321372752,0.6666666666666666,0.6666666666666666,0.5,0.10526315789473684,0,0,0.019580419580419582,2,2026-08-28T20:09:31.803525+00:00
258,10,Fulham,defender,45,0,0.16071428571428573,0.46153846153846156,0.42105263157894735,0.5527950310559006,0.37428637342824983,0.6666666666666666,0.6666666666666666,0.5,0.42105263157894735,0,0,0.13216783216783218,2,2026-08-28T20:09:31.803525+00:00
261,10,Fulham,midfielder,55,0,0.023809524,0.46153846153846156,0.21052631578947367,0.14906832298136644,0.17945106000025907,0.6666666666666666,0.6666666666666666,0.5,0.21052631578947367,0,0,0.019580419580419582,2,2026-08-28T20:09:31.803525+00:00
262,10,Fulham,midfielder,55,0,0,0.46153846153846156,0.10526315789473684,0,0.063157895,0,0,0.5,0.10526315789473684,0,0,0,2,2026-08-28T20:09:31.803525+00:00
263,10,Fulham,midfielder,55,0,0.005952381,0.46153846153846156,0.15789473684210525,0.043478261,0.1118597797908607,0.1259259259259259,0.1259259259259259,0.5,0.15789473684210525,0,0,0.025915261,2,2026-08-28T20:09:31.803525+00:00
264,10,Fulham,midfielder,55,0,0.15476190476190477,0.46153846153846156,0.21052631578947367,0.18633540372670807,0.21278220404286557,0.4888888888888889,0.4888888888888889,0.5,0.21052631578947367,0,0,0.17355371900826447,2,2026-08-28T20:09:31.803525+00:00
265,10,Fulham,midfielder,50,0,0.035714286,0.46153846153846156,0.21052631578947367,0.2732919254658385,0.18948997036525644,0.5333333333333333,0.5333333333333333,0.5,0.21052631578947367,0,0,0.036713287,2,2026-08-28T20:09:31.803525+00:00
268,10,Fulham,midfielder,55,0,0.125,0.46153846153846156,0.47368421052631576,0.6086956521739131,0.4041127255658148,0.6666666666666666,0.6666666666666666,0.5,0.47368421052631576,0,0,0.1027972027972028,2,2026-08-28T20:09:31.803525+00:00
269,10,Fulham,defender,45,0,0.017857142857142856,0.46153846153846156,0.15789473684210525,0.16149068322981366,0.13661865263157497,0.1259259259259259,0.1259259259259259,0.5,0.15789473684210525,0,0,0.077745784,2,2026-08-28T20:09:31.803525+00:00
270,10,Fulham,midfielder,45,0,0,0.46153846153846156,0.10526315789473684,0,0.063157895,0,0,0.5,0.10526315789473684,0,0,0,2,2026-08-28T20:09:31.803525+00:00
271,10,Fulham,forward,55,0,0.011904761904761906,0.46153846153846156,0.15789473684210525,0.15527950310559005,0.14076272041375018,0.059259259,0.059259259,0.5,0.15789473684210525,0,0,0.11013986013986016,2,2026-08-28T20:09:31.803525+00:00
272,10,Fulham,forward,45,0,0,0.46153846153846156,0.10526315789473684,0,0.063157895,0,0,0.5,0.10526315789473684,0,0,0,2,2026-08-28T20:09:31.803525+00:00
569,10,Fulham,forward,60,0,0.44047619047619047,0.46153846153846156,0.42105263157894735,0.5093167701863354,0.4274560298587759,0.6666666666666666,0.6666666666666666,0.5,0.42105263157894735,0,0,0.36223776223776233,2,2026-08-28T20:09:31.803525+00:00
570,10,Fulham,midfielder,55,0,0.1011904761904762,0.46153846153846156,0.21052631578947367,0.11180124223602483,0.19016782511919814,0.5333333333333333,0.5333333333333333,0.5,0.21052631578947367,0,0,0.10402097902097902,2,2026-08-28T20:09:31.803525+00:00
580,10,Fulham,midfielder,50,0,0,0.46153846153846156,0.15789473684210525,0.031055901,0.10636095068589349,0.17037037037037037,0.17037037037037037,0.5,0.15789473684210525,0,0,0,2,2026-08-28T20:09:31.803525+00:00
610,10,Fulham,defender,40,0,0,0.46153846153846156,0.10526315789473684,0,0.063157895,0,0,0.5,0.10526315789473684,0,0,0,2,2026-08-28T20:09:31.803525+00:00
273,11,Hull City,goalkeeper,40,0,0,0.846153846,0.10526315789473684,0,0.063157895,0,0,1,0.10526315789473684,0,0,0,2,2026-08-28T20:09:31.803525+00:00
277,11,Hull City,defender,40,0,0,0.846153846,0.5263157894736842,0.28571428571428564,0.37769423558897247,0.6666666666666666,0.6666666666666666,1,0.5263157894736842,0,0,0,2,2026-08-28T20:09:31.803525+00:00
279,11,Hull City,defender,40,0.6666666666666666,0.30952380952380953,0.846153846,0.8421052631578947,0.4906832298136646,0.6685739051185275,0.4666666666666667,0.4666666666666667,1,0.8421052631578947,0,0,0.3636363636363637,2,2026-08-28T20:09:31.803525+00:00
280,11,Hull City,defender,40,0,0.005952381,0.846153846,0.42105263157894735,0.10559006211180123,0.2903423705712035,0.5111111111111111,0.5111111111111111,1,0.42105263157894735,0,0,0.006384919,2,2026-08-28T20:09:31.803525+00:00
281,11,Hull City,defender,40,0,0.029761904761904764,0.846153846,0.15789473684210525,0.018633540372670804,0.13154256858490268,0.14814814814814814,0.14814814814814814,1,0.15789473684210525,0,0,0.11013986013986016,2,2026-08-28T20:09:31.803525+00:00
282,11,Hull City,defender,40,0,0.053571429,0.846153846,0.42105263157894735,0.22981366459627328,0.3185247558188062,0.6222222222222222,0.6222222222222222,1,0.42105263157894735,0,0,0.047202797,2,2026-08-28T20:09:31.803525+00:00
284,11,Hull City,defender,40,0,0,0.846153846,0.10526315789473684,0,0.063157895,0,0,1,0.10526315789473684,0,0,0,2,2026-08-28T20:09:31.803525+00:00
285,11,Hull City,defender,40,0,0,0.846153846,0.15789473684210525,0.024844720496894408,0.10685094378458222,0.1925925925925926,0.1925925925925926,1,0.15789473684210525,0,0,0,2,2026-08-28T20:09:31.803525+00:00
286,11,Hull City,midfielder,50,0,0.047619048,0.846153846,0.2631578947368421,0.12422360248447203,0.21344064021409553,0.6666666666666666,0.6666666666666666,1,0.2631578947368421,0,0,0.039160839160839164,2,2026-08-28T20:09:31.803525+00:00
287,11,Hull City,midfielder,50,0,0,0.846153846,0.10526315789473684,0.024844720496894408,0.072679404,0.14074074074074075,0.14074074074074075,1,0.10526315789473684,0,0,0,2,2026-08-28T20:09:31.803525+00:00
288,11,Hull City,midfielder,45,0,0,0.846153846,0.10526315789473684,0,0.063157895,0,0,1,0.10526315789473684,0,0,0,2,2026-08-28T20:09:31.803525+00:00
289,11,Hull City,midfielder,45,0,0,0.846153846,0.21052631578947367,0.13043478260869565,0.1726926010678871,0.6666666666666666,0.6666666666666666,1,0.21052631578947367,0,0,0,2,2026-08-28T20:09:31.803525+00:00
290,11,Hull City,midfielder,45,0,0.2619047619047619,0.846153846,0.42105263157894735,0.23602484472049687,0.36341355059890534,0.6666666666666666,0.6666666666666666,1,0.42105263157894735,0,0,0.2153846153846154,2,2026-08-28T20:09:31.803525+00:00
292,11,Hull City,midfielder,50,0,0,0.846153846,0.10526315789473684,0,0.063157895,0,0,1,0.10526315789473684,0,0,0,2,2026-08-28T20:09:31.803525+00:00
295,11,Hull City,forward,55,0,0.1011904761904762,0.846153846,0.3684210526315789,0.5590062111801242,0.3310907818344889,0.6666666666666666,0.6666666666666666,1,0.3684210526315789,0,0,0.083216783,2,2026-08-28T20:09:31.803525+00:00
296,11,Hull City,midfielder,50,0,0,0.846153846,0.10526315789473684,0,0.063157895,0,0,1,0.10526315789473684,0,0,0,2,2026-08-28T20:09:31.803525+00:00
556,11,Hull City,defender,40,0,0,0.846153846,0.15789473684210525,0,0.096588694,0.037037037037037035,0.037037037037037035,1,0.15789473684210525,0,0,0,2,2026-08-28T20:09:31.803525+00:00
563,11,Hull City,midfielder,50,0,0,0.846153846,0.10526315789473684,0,0.063157895,0,0,1,0.10526315789473684,0,0,0,2,2026-08-28T20:09:31.803525+00:00
572,11,Hull City,goalkeeper,45,1,0,0.846153846,0.631578947,0.21739130434782608,0.43401983218916856,0.6666666666666666,0.6666666666666666,1,0.631578947,0,0,0,2,2026-08-28T20:09:31.803525+00:00
574,11,Hull City,midfielder,50,0,0,0.846153846,0.10526315789473684,0,0.063157895,0,0,1,0.10526315789473684,0,0,0,2,2026-08-28T20:09:31.803525+00:00
576,11,Hull City,midfielder,50,0,0.017857142857142856,0.846153846,0.2631578947368421,0.080745342,0.19661547664980158,0.5185185185185185,0.5185185185185185,1,0.2631578947368421,0,0,0.018881119,2,2026-08-28T20:09:31.803525+00:00
585,11,Hull City,defender,40,0,0,0.846153846,0.15789473684210525,0.049689440993788817,0.10933541583427168,0.1925925925925926,0.1925925925925926,1,0.15789473684210525,0,0,0,2,2026-08-28T20:09:31.803525+00:00
586,11,Hull City,defender,40,0.3333333333333333,0.16666666666666669,0.846153846,0.8947368421052632,0.5279503105590062,0.6619215186034408,0.4666666666666667,0.4666666666666667,1,0.8947368421052632,0,0,0.19580419580419584,2,2026-08-28T20:09:31.803525+00:00
589,11,Hull City,midfielder,50,0,0,0.846153846,0.10526315789473684,0,0.063157895,0,0,1,0.10526315789473684,0,0,0,2,2026-08-28T20:09:31.803525+00:00
617,11,Hull City,midfielder,50,0,0,0.846153846,0.10526315789473684,0,0.063157895,0,0,1,0.10526315789473684,0,0,0,2,2026-08-28T20:09:31.803525+00:00
259,12,Ipswich Town,defender,40,0,0.005952381,0,0.21052631578947367,0.062111801,0.16708407915501738,0.6666666666666666,0.6666666666666666,0,0.21052631578947367,0,0,0.004895105,2,2026-08-28T20:09:31.803525+00:00
267,12,Ipswich Town,midfielder,50,0,0.011904761904761906,0,0.3684210526315789,0.24844720496894407,0.2816782378567275,0.6666666666666666,0.6666666666666666,0,0.3684210526315789,0,0,0.00979021,2,2026-08-28T20:09:31.803525+00:00
300,12,Ipswich Town,goalkeeper,45,0,0,0,0.10526315789473684,0,0.063157895,0,0,0,0.10526315789473684,0,0,0,2,2026-08-28T20:09:31.803525+00:00
301,12,Ipswich Town,goalkeeper,40,0,0,0,0.10526315789473684,0,0.063157895,0,0,0,0.10526315789473684,0,0,0,2,2026-08-28T20:09:31.803525+00:00
302,12,Ipswich Town,goalkeeper,40,0,0,0,0.10526315789473684,0,0.063157895,0,0,0,0.10526315789473684,0,0,0,2,2026-08-28T20:09:31.803525+00:00
303,12,Ipswich Town,defender,40,0,0,0,0.10526315789473684,0,0.063157895,0,0,0,0.10526315789473684,0,0,0,2,2026-08-28T20:09:31.803525+00:00
304,12,Ipswich Town,defender,40,0,0.095238095,0,0.3157894736842105,0.4658385093167701,0.28897128805595623,0.6666666666666666,0.6666666666666666,0,0.3157894736842105,0,0,0.078321678,2,2026-08-28T20:09:31.803525+00:00
305,12,Ipswich Town,defender,40,0,0.005952381,0,0.21052631578947367,0.11180124223602483,0.17205302325439625,0.6666666666666666,0.6666666666666666,0,0.21052631578947367,0,0,0.004895105,2,2026-08-28T20:09:31.803525+00:00
306,12,Ipswich Town,defender,40,0,0,0,0.21052631578947367,0.11180124223602483,0.17082924703062002,0.6666666666666666,0.6666666666666666,0,0.21052631578947367,0,0,0,2,2026-08-28T20:09:31.803525+00:00
307,12,Ipswich Town,defender,40,0,0,0,0.10526315789473684,0,0.063157895,0,0,0,0.10526315789473684,0,0,0,2,2026-08-28T20:09:31.803525+00:00
308,12,Ipswich Town,defender,40,0,0,0,0.10526315789473684,0,0.063157895,0,0,0,0.10526315789473684,0,0,0,2,2026-08-28T20:09:31.803525+00:00
309,12,Ipswich Town,midfielder,50,0,0.035714286,0,0.3157894736842105,0.14906832298136644,0.24200482843677235,0.5851851851851851,0.5851851851851851,0,0.3157894736842105,0,0,0.033460211,2,2026-08-28T20:09:31.803525+00:00
313,12,Ipswich Town,midfielder,55,0.3333333333333333,0.05952381,0,0.47368421052631576,0.32298136645962733,0.38151404744082096,0.14074074074074075,0.14074074074074075,0,0.47368421052631576,0,0,0.2318733897681266,2,2026-08-28T20:09:31.803525+00:00
314,12,Ipswich Town,midfielder,50,0,0,0,0.10526315789473684,0,0.063157895,0,0,0,0.10526315789473684,0,0,0,2,2026-08-28T20:09:31.803525+00:00
315,12,Ipswich Town,midfielder,55,0,0.24404761904761904,0,0.21052631578947367,0.3416149068322981,0.2540241890884384,0.48148148148148145,0.48148148148148145,0,0.21052631578947367,0,0,0.277891339,2,2026-08-28T20:09:31.803525+00:00
316,12,Ipswich Town,forward,55,1,0.5238095238095238,0,0.5789473684210527,0.6956521739130433,0.590120139,0.48148148148148145,0.48148148148148145,0,0.5789473684210527,0,0,0.5964497041420119,2,2026-08-28T20:09:31.803525+00:00
320,12,Ipswich Town,forward,50,0,0,0,0.15789473684210525,0.018633540372670804,0.10548908503141913,0.17777777777777778,0.17777777777777778,0,0.15789473684210525,0,0,0,2,2026-08-28T20:09:31.803525+00:00
321,12,Ipswich Town,forward,45,0,0,0,0.15789473684210525,0,0.098440546,0.074074074,0.074074074,0,0.15789473684210525,0,0,0,2,2026-08-28T20:09:31.803525+00:00
323,12,Ipswich Town,midfielder,45,0,0,0,0.15789473684210525,0.018633540372670804,0.10548908503141913,0.17777777777777778,0.17777777777777778,0,0.15789473684210525,0,0,0,2,2026-08-28T20:09:31.803525+00:00
324,12,Ipswich Town,midfielder,50,0,0,0,0.10526315789473684,0,0.063157895,0,0,0,0.10526315789473684,0,0,0,2,2026-08-28T20:09:31.803525+00:00
562,12,Ipswich Town,midfielder,55,0,0.3630952380952381,0,0.21052631578947367,0.13043478260869565,0.25366322912712275,0.5851851851851851,0.5851851851851851,0,0.21052631578947367,0,0,0.3401788085332389,2,2026-08-28T20:09:31.803525+00:00
564,12,Ipswich Town,goalkeeper,45,0,0,0,0.21052631578947367,0.086956522,0.1683447749809306,0.6666666666666666,0.6666666666666666,0,0.21052631578947367,0,0,0,2,2026-08-28T20:09:31.803525+00:00
571,12,Ipswich Town,midfielder,50,0,0,0,0.10526315789473684,0,0.063157895,0,0,0,0.10526315789473684,0,0,0,2,2026-08-28T20:09:31.803525+00:00
591,12,Ipswich Town,midfielder,55,0,0.32142857142857145,0,0.3684210526315789,0.3354037267080745,0.3654839651407157,0.5185185185185185,0.5185185185185185,0,0.3684210526315789,0,0,0.33986013986013996,2,2026-08-28T20:09:31.803525+00:00
592,12,Ipswich Town,defender,40,0,0,0,0.15789473684210525,0.093167702,0.10775731599530229,0.074074074,0.074074074,0,0.15789473684210525,0,0,0,2,2026-08-28T20:09:31.803525+00:00
602,12,Ipswich Town,midfielder,45,0,0,0,0.10526315789473684,0,0.063157895,0,0,0,0.10526315789473684,0,0,0,2,2026-08-28T20:09:31.803525+00:00
619,12,Ipswich Town,midfielder,50,0,0,0,0.10526315789473684,0,0.063157895,0,0,0,0.10526315789473684,0,0,0,2,2026-08-28T20:09:31.803525+00:00
260,13,Leeds,midfielder,65,0,0.011904761904761906,0.7692307692307694,0.2631578947368421,0.16149068322981366,0.2015067980126949,0.48148148148148145,0.48148148148148145,0.5,0.2631578947368421,0,0,0.013555675094136634,2,2026-08-28T20:09:31.803525+00:00
326,13,Leeds,goalkeeper,45,0,0,0.7692307692307694,0.10526315789473684,0,0.063157895,0,0,0.5,0.10526315789473684,0,0,0,2,2026-08-28T20:09:31.803525+00:00
327,13,Leeds,defender,50,0.6666666666666666,0.06547619,0.7692307692307694,0.631578947,0.24223602484472048,0.44996584270039647,0.6666666666666666,0.6666666666666666,0.5,0.631578947,0,0,0.053846154,2,2026-08-28T20:09:31.803525+00:00
329,13,Leeds,defender,45,0,0.053571429,0.7692307692307694,0.42105263157894735,0.21118012422360247,0.31809691071704804,0.6666666666666666,0.6666666666666666,0.5,0.42105263157894735,0,0,0.044055944055944055,2,2026-08-28T20:09:31.803525+00:00
330,13,Leeds,defender,45,0,0,0.7692307692307694,0.42105263157894735,0.049689440993788817,0.2909338563800806,0.6666666666666666,0.6666666666666666,0.5,0.42105263157894735,0,0,0,2,2026-08-28T20:09:31.803525+00:00
331,13,Leeds,defender,45,0,0,0.7692307692307694,0.10526315789473684,0,0.063157895,0,0,0.5,0.10526315789473684,0,0,0,2,2026-08-28T20:09:31.803525+00:00
332,13,Leeds,defender,45,0.6666666666666666,0.005952381,0.7692307692307694,0.631578947,0.18012422360248445,0.4315169003384106,0.6666666666666666,0.6666666666666666,0.5,0.631578947,0,0,0.004895105,2,2026-08-28T20:09:31.803525+00:00
334,13,Leeds,defender,50,0,0.053571429,0.7692307692307694,0.42105263157894735,0.20496894409937885,0.31747579270462567,0.6666666666666666,0.6666666666666666,0.5,0.42105263157894735,0,0,0.044055944055944055,2,2026-08-28T20:09:31.803525+00:00
335,13,Leeds,midfielder,60,1,0.089285714,0.7692307692307694,0.7894736842105263,0.4099378881987577,0.5663679760361683,0.6666666666666666,0.6666666666666666,0.5,0.7894736842105263,0,0,0.073426573,2,2026-08-28T20:09:31.803525+00:00
336,13,Leeds,midfielder,60,0,0.095238095,0.7692307692307694,0.15789473684210525,0.17391304347826084,0.1944436087685516,0.17777777777777778,0.17777777777777778,0.5,0.15789473684210525,0,0,0.29370629370629375,2,2026-08-28T20:09:31.803525+00:00
337,13,Leeds,midfielder,55,0,0.011904761904761906,0.7692307692307694,0.2631578947368421,0.099378882,0.20055212776036574,0.6,0.6,0.5,0.2631578947368421,0,0,0.010878011,2,2026-08-28T20:09:31.803525+00:00
338,13,Leeds,midfielder,55,0,0.023809524,0.7692307692307694,0.3684210526315789,0.2608695652173913,0.28536802632912467,0.6666666666666666,0.6666666666666666,0.5,0.3684210526315789,0,0,0.019580419580419582,2,2026-08-28T20:09:31.803525+00:00
339,13,Leeds,midfielder,50,0,0,0.7692307692307694,0.15789473684210525,0,0.097699805,0.059259259,0.059259259,0.5,0.15789473684210525,0,0,0,2,2026-08-28T20:09:31.803525+00:00
341,13,Leeds,midfielder,50,0,0,0.7692307692307694,0.10526315789473684,0,0.063157895,0,0,0.5,0.10526315789473684,0,0,0,2,2026-08-28T20:09:31.803525+00:00
343,13,Leeds,midfielder,50,0,0,0.7692307692307694,0.10526315789473684,0,0.063157895,0,0,0.5,0.10526315789473684,0,0,0,2,2026-08-28T20:09:31.803525+00:00
345,13,Leeds,midfielder,50,0,0,0.7692307692307694,0.10526315789473684,0,0.063157895,0,0,0.5,0.10526315789473684,0,0,0,2,2026-08-28T20:09:31.803525+00:00
346,13,Leeds,forward,60,0,0.077380952,0.7692307692307694,0.15789473684210525,0.043478261,0.14832709243464393,0.6666666666666666,0.6666666666666666,0.5,0.15789473684210525,0,0,0.063636364,2,2026-08-28T20:09:31.803525+00:00
347,13,Leeds,forward,55,0,0,0.7692307692307694,0.10526315789473684,0,0.063157895,0,0,0.5,0.10526315789473684,0,0,0,2,2026-08-28T20:09:31.803525+00:00
385,13,Leeds,goalkeeper,50,0.6666666666666666,0,0.7692307692307694,0.5789473684210527,0.11801242236024843,0.3925029966219898,0.6666666666666666,0.6666666666666666,0.5,0.5789473684210527,0,0,0,2,2026-08-28T20:09:31.803525+00:00
598,13,Leeds,defender,45,0,0,0.7692307692307694,0.10526315789473684,0,0.063157895,0,0,0.5,0.10526315789473684,0,0,0,2,2026-08-28T20:09:31.803525+00:00
603,13,Leeds,defender,40,0,0,0.7692307692307694,0.10526315789473684,0,0.063157895,0,0,0.5,0.10526315789473684,0,0,0,2,2026-08-28T20:09:31.803525+00:00
604,13,Leeds,midfielder,45,0,0,0.7692307692307694,0.10526315789473684,0,0.063157895,0,0,0.5,0.10526315789473684,0,0,0,2,2026-08-28T20:09:31.803525+00:00
350,14,Liverpool,goalkeeper,55,0,0,1,0.21052631578947367,0.11180124223602483,0.17082924703062002,0.6666666666666666,0.6666666666666666,0.5,0.21052631578947367,0,0,0,2,2026-08-28T20:09:31.803525+00:00
351,14,Liverpool,goalkeeper,50,0,0,1,0.10526315789473684,0,0.063157895,0,0,0.5,0.10526315789473684,0,0,0,2,2026-08-28T20:09:31.803525+00:00
352,14,Liverpool,goalkeeper,40,0,0,1,0.10526315789473684,0,0.063157895,0,0,0.5,0.10526315789473684,0,0,0,2,2026-08-28T20:09:31.803525+00:00
355,14,Liverpool,goalkeeper,40,0,0,1,0.10526315789473684,0,0.063157895,0,0,0.5,0.10526315789473684,0,0,0,2,2026-08-28T20:09:31.803525+00:00
356,14,Liverpool,defender,65,0,0.15476190476190477,1,0.21052631578947367,0.31677018633540366,0.22314432325873973,0.6666666666666666,0.6666666666666666,0.5,0.21052631578947367,0,0,0.1272727272727273,2,2026-08-28T20:09:31.803525+00:00
357,14,Liverpool,defender,55,0,0.05952381,1,0.10526315789473684,0.3788819875776397,0.14661718906570165,0.6666666666666666,0.6666666666666666,0.5,0.10526315789473684,0,0,0.048951049,2,2026-08-28T20:09:31.803525+00:00
358,14,Liverpool,defender,55,0,0.023809524,1,0.10526315789473684,0.2732919254658385,0.1287155255118642,0.6666666666666666,0.6666666666666666,0.5,0.10526315789473684,0,0,0.019580419580419582,2,2026-08-28T20:09:31.803525+00:00
361,14,Liverpool,defender,40,0,0,1,0.10526315789473684,0,0.063157895,0,0,0.5,0.10526315789473684,0,0,0,2,2026-08-28T20:09:31.803525+00:00
362,14,Liverpool,defender,50,0,0.011904761904761906,1,0.15789473684210525,0.14906832298136644,0.1383916896731542,0.5111111111111111,0.5111111111111111,0.5,0.15789473684210525,0,0,0.012769838856795378,2,2026-08-28T20:09:31.803525+00:00
364,14,Liverpool,defender,50,0,0,1,0.10526315789473684,0,0.063157895,0,0,0.5,0.10526315789473684,0,0,0,2,2026-08-28T20:09:31.803525+00:00
366,14,Liverpool,midfielder,75,0,0.17857142857142858,1,0.21052631578947367,0.35403726708074534,0.23797595985755732,0.45925925925925926,0.45925925925925926,0.5,0.21052631578947367,0,0,0.21317392285134223,2,2026-08-28T20:09:31.803525+00:00
367,14,Liverpool,midfielder,70,1,0.26785714285714285,1,0.7368421052631579,0.7142857142857142,0.6019370979897295,0.6666666666666666,0.6666666666666666,0.5,0.7368421052631579,0,0,0.22027972027972031,2,2026-08-28T20:09:31.803525+00:00
368,14,Liverpool,midfielder,70,0.3333333333333333,0.6666666666666667,1,0.5263157894736842,0.7391304347826086,0.5600987875587418,0.6666666666666666,0.6666666666666666,0.5,0.5263157894736842,0,0,0.5482517482517484,2,2026-08-28T20:09:31.803525+00:00
369,14,Liverpool,midfielder,60,0,0.035714286,1,0.21052631578947367,0.080745342,0.16801198274070497,0.45925925925925926,0.45925925925925926,0.5,0.21052631578947367,0,0,0.042634784570268446,2,2026-08-28T20:09:31.803525+00:00
371,14,Liverpool,midfielder,60,0,0.06547619,1,0.3684210526315789,0.2732919254658385,0.2926346083783154,0.5703703703703704,0.5703703703703704,0.5,0.3684210526315789,0,0,0.062937063,2,2026-08-28T20:09:31.803525+00:00
372,14,Liverpool,midfielder,55,0,0.005952381,1,0.15789473684210525,0.043478261,0.11316392227147375,0.2,0.2,0.5,0.15789473684210525,0,0,0.016317016,2,2026-08-28T20:09:31.803525+00:00
373,14,Liverpool,midfielder,55,0,0,1,0.10526315789473684,0,0.063157895,0,0,0.5,0.10526315789473684,0,0,0,2,2026-08-28T20:09:31.803525+00:00
374,14,Liverpool,midfielder,50,0,0,1,0.10526315789473684,0,0.063157895,0,0,0.5,0.10526315789473684,0,0,0,2,2026-08-28T20:09:31.803525+00:00
375,14,Liverpool,midfielder,50,0,0,1,0.10526315789473684,0,0.063157895,0,0,0.5,0.10526315789473684,0,0,0,2,2026-08-28T20:09:31.803525+00:00
377,14,Liverpool,midfielder,65,0,0.083333333,1,0.3157894736842105,0.16770186335403725,0.2733534276554872,0.2,0.2,0.5,0.3157894736842105,0,0,0.22843822843822847,2,2026-08-28T20:09:31.803525+00:00
378,14,Liverpool,midfielder,45,0,0,1,0.10526315789473684,0,0.063157895,0,0,0.5,0.10526315789473684,0,0,0,2,2026-08-28T20:09:31.803525+00:00
379,14,Liverpool,forward,90,0,0.6547619047619049,1,0.21052631578947367,0.5714285714285713,0.35140736456525934,0.6666666666666666,0.6666666666666666,0.5,0.21052631578947367,0,0,0.5384615384615385,2,2026-08-28T20:09:31.803525+00:00
381,14,Liverpool,midfielder,50,0,0.017857142857142856,1,0.15789473684210525,0.055900621,0.1323063136964739,0.088888889,0.088888889,0.5,0.15789473684210525,0,0,0.11013986013986016,2,2026-08-28T20:09:31.803525+00:00
383,14,Liverpool,midfielder,55,0,0,1,0.10526315789473684,0,0.063157895,0,0,0.5,0.10526315789473684,0,0,0,2,2026-08-28T20:09:31.803525+00:00
579,14,Liverpool,defender,55,0,0.017857142857142856,1,0.15789473684210525,0.086956522,0.12736088070756266,0.14814814814814814,0.14814814814814814,0.5,0.15789473684210525,0,0,0.066083916,2,2026-08-28T20:09:31.803525+00:00
238,15,Man City,midfielder,65,0,0,0.6923076923076921,0.15789473684210525,0.012422360248447204,0.098942041,0.059259259,0.059259259,0.5,0.15789473684210525,0,0,0,2,2026-08-28T20:09:31.803525+00:00
384,15,Man City,goalkeeper,55,0,0,0.6923076923076921,0.3157894736842105,0.16770186335403725,0.2141386073880353,1,1,0.5,0.21052631578947367,0,0,0,2,2026-08-28T20:09:31.803525+00:00
386,15,Man City,goalkeeper,45,0,0,0.6923076923076921,0.10526315789473684,0,0.063157895,0,0,0.5,0.10526315789473684,0,0,0,2,2026-08-28T20:09:31.803525+00:00
387,15,Man City,defender,65,0,0.2976190476190476,0.6923076923076921,0.2631578947368421,0.3105590062111801,0.2484685440888525,0.7925925925925926,0.7925925925925926,0.5,0.18421052631578946,0,0,0.20586889745768253,2,2026-08-28T20:09:31.803525+00:00
388,15,Man City,defender,60,0.6666666666666666,0.7321428571428572,0.6923076923076921,0.6842105263157895,0.5527950310559006,0.5003659955605037,1,1,0.5,0.39473684210526316,0,0,0.40139860139860145,2,2026-08-28T20:09:31.803525+00:00
389,15,Man City,defender,60,0,0.023809524,0.6923076923076921,0.15789473684210525,0.055900621,0.12589941251684544,0.24444444444444444,0.24444444444444444,0.5,0.15789473684210525,0,0,0.053401144310235224,2,2026-08-28T20:09:31.803525+00:00
390,15,Man City,defender,55,0,0.20833333333333331,0.6923076923076921,0.2631578947368421,0.2732919254658385,0.23219976057504665,1,1,0.5,0.18421052631578946,0,0,0.11421911421911422,2,2026-08-28T20:09:31.803525+00:00
391,15,Man City,defender,55,0.3333333333333333,0.15476190476190477,0.6923076923076921,0.631578947,0.48447204968944096,0.3933435367073811,1,1,0.5,0.3684210526315789,0,0,0.084848485,2,2026-08-28T20:09:31.803525+00:00
392,15,Man City,defender,55,0,0,0.6923076923076921,0.10526315789473684,0,0.063157895,0,0,0.5,0.10526315789473684,0,0,0,2,2026-08-28T20:09:31.803525+00:00
393,15,Man City,defender,55,0,0.023809524,0.6923076923076921,0.2631578947368421,0.12422360248447203,0.19200155298553467,1,1,0.5,0.18421052631578946,0,0,0.013053613053613054,2,2026-08-28T20:09:31.803525+00:00
395,15,Man City,defender,45,0,0.1130952380952381,0.6923076923076921,0.15789473684210525,0.2919254658385093,0.18203901054873595,0.4148148148148148,0.4148148148148148,0.5,0.15789473684210525,0,0,0.14947552447552448,2,2026-08-28T20:09:31.803525+00:00
396,15,Man City,defender,45,0,0,0.6923076923076921,0.10526315789473684,0,0.063157895,0,0,0.5,0.10526315789473684,0,0,0,2,2026-08-28T20:09:31.803525+00:00
397,15,Man City,midfielder,85,0.6666666666666666,0.22023809523809523,0.6923076923076921,0.5263157894736842,0.28571428571428564,0.3403368561263298,1,1,0.5,0.3157894736842105,0,0,0.12074592074592075,2,2026-08-28T20:09:31.803525+00:00
398,15,Man City,midfielder,70,0,0.5773809523809524,0.6923076923076921,0.21052631578947367,0.4658385093167701,0.2833038852832903,0.9333333333333333,0.9333333333333333,0.5,0.15789473684210525,0,0,0.33916083916083917,2,2026-08-28T20:09:31.803525+00:00
399,15,Man City,midfielder,75,0.3333333333333333,0.5416666666666667,0.6923076923076921,0.5263157894736842,0.5714285714285713,0.45459301663249035,0.5333333333333333,0.5333333333333333,0.5,0.3157894736842105,0,0,0.5568181818181819,2,2026-08-28T20:09:31.803525+00:00
406,15,Man City,midfielder,55,0,0.005952381,0.6923076923076921,0.15789473684210525,0.024844720496894408,0.11130056823420667,0.2,0.2,0.5,0.15789473684210525,0,0,0.016317016,2,2026-08-28T20:09:31.803525+00:00
407,15,Man City,midfielder,50,0,0,0.6923076923076921,0.10526315789473684,0,0.063157895,0,0,0.5,0.10526315789473684,0,0,0,2,2026-08-28T20:09:31.803525+00:00
409,15,Man City,midfielder,45,0,0,0.6923076923076921,0.10526315789473684,0,0.063157895,0,0,0.5,0.10526315789473684,0,0,0,2,2026-08-28T20:09:31.803525+00:00
410,15,Man City,midfielder,50,0,0,0.6923076923076921,0.10526315789473684,0,0.063157895,0,0,0.5,0.10526315789473684,0,0,0,2,2026-08-28T20:09:31.803525+00:00
411,15,Man City,forward,155,1,0.6488095238095238,0.6923076923076921,0.631578947,0.3664596273291925,0.449257912,1,1,0.5,0.3684210526315789,0,0,0.3557109557109558,2,2026-08-28T20:09:31.803525+00:00
481,15,Man City,midfielder,64,0.3333333333333333,0.2261904761904762,0.6923076923076921,0.3157894736842105,0.17391304347826084,0.24350444554704698,0.7925925925925926,0.7925925925925926,0.5,0.21052631578947367,0,0,0.15646036206783873,2,2026-08-28T20:09:31.803525+00:00
587,15,Man City,goalkeeper,50,0,0,0.6923076923076921,0.10526315789473684,0,0.063157895,0,0,0.5,0.10526315789473684,0,0,0,2,2026-08-28T20:09:31.803525+00:00
616,15,Man City,midfielder,55,0,0,0.6923076923076921,0.10526315789473684,0,0.063157895,0,0,0.5,0.10526315789473684,0,0,0,2,2026-08-28T20:09:31.803525+00:00
43,16,Man Utd,midfielder,60,0,0.089285714,0.846153846,0.21052631578947367,0.12422360248447203,0.1882143805619986,0.4888888888888889,0.4888888888888889,1,0.21052631578947367,0,0,0.10012714558169103,2,2026-08-28T20:09:31.803525+00:00
162,16,Man Utd,midfielder,50,0,0.13690476190476192,0.846153846,0.21052631578947367,0.11180124223602483,0.2003224306147127,0.4888888888888889,0.4888888888888889,1,0.21052631578947367,0,0,0.15352828989192627,2,2026-08-28T20:09:31.803525+00:00
325,16,Man Utd,goalkeeper,45,0,0,0.846153846,0.10526315789473684,0,0.063157895,0,0,1,0.10526315789473684,0,0,0,2,2026-08-28T20:09:31.803525+00:00
412,16,Man Utd,goalkeeper,50,0,0,0.846153846,0.15789473684210525,0.12422360248447203,0.1404925356870437,0.6666666666666666,0.6666666666666666,1,0.15789473684210525,0,0,0,2,2026-08-28T20:09:31.803525+00:00
415,16,Man Utd,midfielder,60,0,0.2976190476190476,0.846153846,0.10526315789473684,0.043478261,0.20655000986808766,0.3333333333333333,0.3333333333333333,1,0.10526315789473684,0,0,0.48951048951048953,2,2026-08-28T20:09:31.803525+00:00
417,16,Man Utd,defender,50,0,0,0.846153846,0.15789473684210525,0.11801242236024843,0.1102417880449917,0.074074074,0.074074074,1,0.15789473684210525,0,0,0,2,2026-08-28T20:09:31.803525+00:00
418,16,Man Utd,defender,50,0,0.2619047619047619,0.846153846,0.15789473684210525,0.45341614906832295,0.22725794419158263,0.6666666666666666,0.6666666666666666,1,0.15789473684210525,0,0,0.2153846153846154,2,2026-08-28T20:09:31.803525+00:00
419,16,Man Utd,defender,50,0,0,0.846153846,0.10526315789473684,0,0.063157895,0,0,1,0.10526315789473684,0,0,0,2,2026-08-28T20:09:31.803525+00:00
420,16,Man Utd,defender,50,0,0,0.846153846,0.10526315789473684,0,0.063157895,0,0,1,0.10526315789473684,0,0,0,2,2026-08-28T20:09:31.803525+00:00
421,16,Man Utd,defender,45,0,0.095238095,0.846153846,0.15789473684210525,0.12422360248447203,0.16007295526746326,0.6666666666666666,0.6666666666666666,1,0.15789473684210525,0,0,0.078321678,2,2026-08-28T20:09:31.803525+00:00
422,16,Man Utd,defender,45,0,0.16071428571428573,0.846153846,0.15789473684210525,0.3478260869565217,0.1964214470700002,0.5851851851851851,0.5851851851851851,1,0.15789473684210525,0,0,0.1505709480393025,2,2026-08-28T20:09:31.803525+00:00
423,16,Man Utd,defender,45,0,0.15476190476190477,0.846153846,0.15789473684210525,0.5590062111801242,0.21578897837479072,0.6666666666666666,0.6666666666666666,1,0.15789473684210525,0,0,0.1272727272727273,2,2026-08-28T20:09:31.803525+00:00
424,16,Man Utd,defender,40,0,0,0.846153846,0.10526315789473684,0,0.063157895,0,0,1,0.10526315789473684,0,0,0,2,2026-08-28T20:09:31.803525+00:00
426,16,Man Utd,midfielder,120,0,0.2023809523809524,0.846153846,0.21052631578947367,0.577639752,0.25902148957068866,0.6666666666666666,0.6666666666666666,1,0.21052631578947367,0,0,0.16643356643356647,2,2026-08-28T20:09:31.803525+00:00
427,16,Man Utd,midfielder,80,0,0.43452380952380953,0.846153846,0.21052631578947367,0.5403726708074533,0.3030220542234272,0.6666666666666666,0.6666666666666666,1,0.21052631578947367,0,0,0.35734265734265735,2,2026-08-28T20:09:31.803525+00:00
428,16,Man Utd,midfielder,80,0,0.26785714285714285,0.846153846,0.21052631578947367,0.42857142857142855,0.26117008660646235,0.5851851851851851,0.5851851851851851,1,0.21052631578947367,0,0,0.2509515800655041,2,2026-08-28T20:09:31.803525+00:00
429,16,Man Utd,midfielder,70,0,0.05952381,0.846153846,0.15789473684210525,0.39751552795031053,0.17563058604248535,0.3333333333333333,0.3333333333333333,1,0.15789473684210525,0,0,0.097902098,2,2026-08-28T20:09:31.803525+00:00
430,16,Man Utd,midfielder,55,0,0,0.846153846,0.10526315789473684,0,0.063157895,0,0,1,0.10526315789473684,0,0,0,2,2026-08-28T20:09:31.803525+00:00
432,16,Man Utd,midfielder,55,0,0.047619048,0.846153846,0.15789473684210525,0.043478261,0.14591270328112432,0.17037037037037037,0.17037037037037037,1,0.15789473684210525,0,0,0.15323806628154457,2,2026-08-28T20:09:31.803525+00:00
434,16,Man Utd,midfielder,50,0,0,0.846153846,0.10526315789473684,0,0.063157895,0,0,1,0.10526315789473684,0,0,0,2,2026-08-28T20:09:31.803525+00:00
435,16,Man Utd,midfielder,50,0,0,0.846153846,0.15789473684210525,0.00621118,0.099061664,0.074074074,0.074074074,1,0.15789473684210525,0,0,0,2,2026-08-28T20:09:31.803525+00:00
436,16,Man Utd,midfielder,50,0,0,0.846153846,0.10526315789473684,0,0.063157895,0,0,1,0.10526315789473684,0,0,0,2,2026-08-28T20:09:31.803525+00:00
437,16,Man Utd,midfielder,45,0,0,0.846153846,0.10526315789473684,0,0.063157895,0,0,1,0.10526315789473684,0,0,0,2,2026-08-28T20:09:31.803525+00:00
438,16,Man Utd,midfielder,45,0,0,0.846153846,0.10526315789473684,0,0.063157895,0,0,1,0.10526315789473684,0,0,0,2,2026-08-28T20:09:31.803525+00:00
439,16,Man Utd,forward,70,0,0.023809524,0.846153846,0.15789473684210525,0.055900621,0.12800018102077598,0.17037037037037037,0.17037037037037037,1,0.15789473684210525,0,0,0.076619033,2,2026-08-28T20:09:31.803525+00:00
440,16,Man Utd,forward,55,0,0,0.846153846,0.10526315789473684,0,0.063157895,0,0,1,0.10526315789473684,0,0,0,2,2026-08-28T20:09:31.803525+00:00
441,16,Man Utd,forward,45,0,0,0.846153846,0.10526315789473684,0,0.063157895,0,0,1,0.10526315789473684,0,0,0,2,2026-08-28T20:09:31.803525+00:00
405,17,Newcastle,midfielder,55,0,0,0.6153846153846154,0.10526315789473684,0,0.063157895,0,0,0.5,0.10526315789473684,0,0,0,2,2026-08-28T20:09:31.803525+00:00
442,17,Newcastle,goalkeeper,50,0,0,0.6153846153846154,0.10526315789473684,0,0.063157895,0,0,0.5,0.10526315789473684,0,0,0,2,2026-08-28T20:09:31.803525+00:00
443,17,Newcastle,goalkeeper,45,0,0,0.6153846153846154,0.10526315789473684,0,0.063157895,0,0,0.5,0.10526315789473684,0,0,0,2,2026-08-28T20:09:31.803525+00:00
444,17,Newcastle,goalkeeper,45,0,0,0.6153846153846154,0.10526315789473684,0,0.063157895,0,0,0.5,0.10526315789473684,0,0,0,2,2026-08-28T20:09:31.803525+00:00
445,17,Newcastle,defender,50,0,0,0.6153846153846154,0.2631578947368421,0.23602484472049687,0.21483055464748826,0.6666666666666666,0.6666666666666666,0.5,0.2631578947368421,0,0,0,2,2026-08-28T20:09:31.803525+00:00
446,17,Newcastle,defender,50,0,0,0.6153846153846154,0.15789473684210525,0,0.095107212,0.007407407,0.007407407,0.5,0.15789473684210525,0,0,0,2,2026-08-28T20:09:31.803525+00:00
447,17,Newcastle,defender,50,0,0.005952381,0.6153846153846154,0.2631578947368421,0.20496894409937885,0.2129487408091527,0.6666666666666666,0.6666666666666666,0.5,0.2631578947368421,0,0,0.004895105,2,2026-08-28T20:09:31.803525+00:00
449,17,Newcastle,defender,50,0,0.20833333333333331,0.6153846153846154,0.2631578947368421,0.22981366459627328,0.2570416044672338,0.6666666666666666,0.6666666666666666,0.5,0.2631578947368421,0,0,0.17132867132867133,2,2026-08-28T20:09:31.803525+00:00
453,17,Newcastle,midfielder,60,0,0.053571429,0.6153846153846154,0.21052631578947367,0.10559006211180123,0.18122211503218366,0.6666666666666666,0.6666666666666666,0.5,0.21052631578947367,0,0,0.044055944055944055,2,2026-08-28T20:09:31.803525+00:00
454,17,Newcastle,midfielder,60,0.6666666666666666,0.13690476190476192,0.6153846153846154,0.5789473684210527,0.42857142857142855,0.45177956546377607,0.5555555555555556,0.5555555555555556,0.5,0.5789473684210527,0,0,0.13510489510489512,2,2026-08-28T20:09:31.803525+00:00
456,17,Newcastle,midfielder,50,0,0.041666667,0.6153846153846154,0.10526315789473684,0.080745342,0.1065008750491319,0.2518518518518518,0.2518518518518518,0.5,0.10526315789473684,0,0,0.090703414,2,2026-08-28T20:09:31.803525+00:00
457,17,Newcastle,midfielder,60,0,0,0.6153846153846154,0.10526315789473684,0.00621118,0.068964198,0.1037037037037037,0.1037037037037037,0.5,0.10526315789473684,0,0,0,2,2026-08-28T20:09:31.803525+00:00
459,17,Newcastle,midfielder,55,0,0.035714286,0.6153846153846154,0.2631578947368421,0.24844720496894407,0.21932842392796625,0.5555555555555556,0.5555555555555556,0.5,0.2631578947368421,0,0,0.035244755244755246,2,2026-08-28T20:09:31.803525+00:00
460,17,Newcastle,midfielder,50,0,0.15476190476190477,0.6153846153846154,0.42105263157894735,0.3788819875776397,0.38733696922820626,0.2518518518518518,0.2518518518518518,0.5,0.42105263157894735,0,0,0.33689839572192515,2,2026-08-28T20:09:31.803525+00:00
461,17,Newcastle,midfielder,60,0,0,0.6153846153846154,0.10526315789473684,0,0.063157895,0,0,0.5,0.10526315789473684,0,0,0,2,2026-08-28T20:09:31.803525+00:00
462,17,Newcastle,midfielder,50,0,0,0.6153846153846154,0.15789473684210525,0.012422360248447204,0.11634944850047825,0.4074074074074074,0.4074074074074074,0.5,0.15789473684210525,0,0,0,2,2026-08-28T20:09:31.803525+00:00
463,17,Newcastle,forward,60,0,0,0.6153846153846154,0.10526315789473684,0,0.063157895,0,0,0.5,0.10526315789473684,0,0,0,2,2026-08-28T20:09:31.803525+00:00
464,17,Newcastle,forward,60,0,0.6071428571428572,0.6153846153846154,0.3157894736842105,0.39751552795031053,0.38738374516406554,0.6666666666666666,0.6666666666666666,0.5,0.3157894736842105,0,0,0.49930069930069937,2,2026-08-28T20:09:31.803525+00:00
466,17,Newcastle,forward,45,0,0,0.6153846153846154,0.10526315789473684,0,0.063157895,0,0,0.5,0.10526315789473684,0,0,0,2,2026-08-28T20:09:31.803525+00:00
559,17,Newcastle,midfielder,50,0,0,0.6153846153846154,0.15789473684210525,0.024844720496894408,0.10240649934013778,0.1037037037037037,0.1037037037037037,0.5,0.15789473684210525,0,0,0,2,2026-08-28T20:09:31.803525+00:00
567,17,Newcastle,goalkeeper,50,0,0,0.6153846153846154,0.15789473684210525,0.2546583850931677,0.15353601394791327,0.6666666666666666,0.6666666666666666,0.5,0.15789473684210525,0,0,0,2,2026-08-28T20:09:31.803525+00:00
593,17,Newcastle,defender,45,0,0.017857142857142856,0.6153846153846154,0.15789473684210525,0.14285714285714282,0.14602721839563945,0.6666666666666666,0.6666666666666666,0.5,0.15789473684210525,0,0,0.014685314685314687,2,2026-08-28T20:09:31.803525+00:00
609,17,Newcastle,defender,40,0,0,0.6153846153846154,0.10526315789473684,0,0.063157895,0,0,0.5,0.10526315789473684,0,0,0,2,2026-08-28T20:09:31.803525+00:00
167,18,Nott'm Forest,forward,55,0,0,0.076923077,0.10526315789473684,0,0.063157895,0,0,0,0.10526315789473684,0,0,0,2,2026-08-28T20:09:31.803525+00:00
467,18,Nott'm Forest,goalkeeper,50,0,0,0.076923077,0.21052631578947367,0.086956522,0.1683447749809306,0.6666666666666666,0.6666666666666666,0,0.21052631578947367,0,0,0,2,2026-08-28T20:09:31.803525+00:00
468,18,Nott'm Forest,goalkeeper,45,0,0,0.076923077,0.10526315789473684,0,0.063157895,0,0,0,0.10526315789473684,0,0,0,2,2026-08-28T20:09:31.803525+00:00
469,18,Nott'm Forest,defender,50,0,0.011904761904761906,0.076923077,0.21052631578947367,0.16770186335403725,0.1788668615899737,0.6666666666666666,0.6666666666666666,0,0.21052631578947367,0,0,0.00979021,2,2026-08-28T20:09:31.803525+00:00
470,18,Nott'm Forest,defender,50,0,0,0.076923077,0.10526315789473684,0,0.063157895,0,0,0,0.10526315789473684,0,0,0,2,2026-08-28T20:09:31.803525+00:00
471,18,Nott'm Forest,defender,55,0,0.077380952,0.076923077,0.21052631578947367,0.13664596273291926,0.18922280998940036,0.6666666666666666,0.6666666666666666,0,0.21052631578947367,0,0,0.063636364,2,2026-08-28T20:09:31.803525+00:00
472,18,Nott'm Forest,defender,55,0,0.16666666666666669,0.076923077,0.3157894736842105,0.3602484472049689,0.2930975965300908,0.6666666666666666,0.6666666666666666,0,0.3157894736842105,0,0,0.1370629370629371,2,2026-08-28T20:09:31.803525+00:00
473,18,Nott'm Forest,defender,45,0,0.125,0.076923077,0.3684210526315789,0.3913043478260869,0.31890417275389527,0.5407407407407407,0.5407407407407407,0,0.3684210526315789,0,0,0.12673627742120894,2,2026-08-28T20:09:31.803525+00:00
474,18,Nott'm Forest,defender,45,0,0,0.076923077,0.15789473684210525,0.13664596273291926,0.14173477171188842,0.6666666666666666,0.6666666666666666,0,0.15789473684210525,0,0,0,2,2026-08-28T20:09:31.803525+00:00
476,18,Nott'm Forest,defender,40,0,0,0.076923077,0.10526315789473684,0,0.063157895,0,0,0,0.10526315789473684,0,0,0,2,2026-08-28T20:09:31.803525+00:00
477,18,Nott'm Forest,defender,40,0,0,0.076923077,0.10526315789473684,0,0.063157895,0,0,0,0.10526315789473684,0,0,0,2,2026-08-28T20:09:31.803525+00:00
478,18,Nott'm Forest,defender,45,0,0,0.076923077,0.15789473684210525,0.00621118,0.10128388604361145,0.11851851851851852,0.11851851851851852,0,0.15789473684210525,0,0,0,2,2026-08-28T20:09:31.803525+00:00
479,18,Nott'm Forest,defender,40,0,0,0.076923077,0.10526315789473684,0,0.063157895,0,0,0,0.10526315789473684,0,0,0,2,2026-08-28T20:09:31.803525+00:00
480,18,Nott'm Forest,midfielder,80,0,0.1130952380952381,0.076923077,0.21052631578947367,0.14906832298136644,0.19780770335690243,0.6666666666666666,0.6666666666666666,0,0.21052631578947367,0,0,0.093006993,2,2026-08-28T20:09:31.803525+00:00
482,18,Nott'm Forest,midfielder,60,0,0,0.076923077,0.10526315789473684,0,0.063157895,0,0,0,0.10526315789473684,0,0,0,2,2026-08-28T20:09:31.803525+00:00
483,18,Nott'm Forest,midfielder,55,0,0,0.076923077,0.2631578947368421,0.024844720496894408,0.1829718014843873,0.45185185185185184,0.45185185185185184,0,0.2631578947368421,0,0,0,2,2026-08-28T20:09:31.803525+00:00
484,18,Nott'm Forest,midfielder,55,0,0,0.076923077,0.10526315789473684,0,0.063157895,0,0,0,0.10526315789473684,0,0,0,2,2026-08-28T20:09:31.803525+00:00
486,18,Nott'm Forest,midfielder,55,0,0.095238095,0.076923077,0.2631578947368421,0.3354037267080745,0.2426123898682753,0.5407407407407407,0.5407407407407407,0,0.2631578947368421,0,0,0.096560973,2,2026-08-28T20:09:31.803525+00:00
487,18,Nott'm Forest,midfielder,50,0,0,0.076923077,0.10526315789473684,0,0.063157895,0,0,0,0.10526315789473684,0,0,0,2,2026-08-28T20:09:31.803525+00:00
489,18,Nott'm Forest,midfielder,45,0,0,0.076923077,0.10526315789473684,0,0.063157895,0,0,0,0.10526315789473684,0,0,0,2,2026-08-28T20:09:31.803525+00:00
490,18,Nott'm Forest,forward,60,0,0.077380952,0.076923077,0.15789473684210525,0.024844720496894408,0.1587280481616866,0.2074074074074074,0.2074074074074074,0,0.15789473684210525,0,0,0.20454545454545456,2,2026-08-28T20:09:31.803525+00:00
491,18,Nott'm Forest,forward,60,0,0.14285714285714285,0.076923077,0.21052631578947367,0.26708074534161486,0.2157278267118084,0.6666666666666666,0.6666666666666666,0,0.21052631578947367,0,0,0.11748251748251749,2,2026-08-28T20:09:31.803525+00:00
493,18,Nott'm Forest,forward,55,0,0,0.076923077,0.15789473684210525,0,0.095107212,0.007407407,0.007407407,0,0.15789473684210525,0,0,0,2,2026-08-28T20:09:31.803525+00:00
558,18,Nott'm Forest,midfielder,50,0,0,0.076923077,0.15789473684210525,0.024844720496894408,0.10314724008087853,0.11851851851851852,0.11851851851851852,0,0.15789473684210525,0,0,0,2,2026-08-28T20:09:31.803525+00:00
581,18,Nott'm Forest,defender,55,0,0,0.076923077,0.10526315789473684,0,0.063157895,0,0,0,0.10526315789473684,0,0,0,2,2026-08-28T20:09:31.803525+00:00
590,18,Nott'm Forest,goalkeeper,45,0,0,0.076923077,0.10526315789473684,0,0.063157895,0,0,0,0.10526315789473684,0,0,0,2,2026-08-28T20:09:31.803525+00:00
112,19,Spurs,defender,50,0,0.017857142857142856,1,0.15789473684210525,0.20496894409937885,0.15223839851986307,0.6666666666666666,0.6666666666666666,1,0.15789473684210525,0,0,0.014685314685314687,2,2026-08-28T20:09:31.803525+00:00
401,19,Spurs,forward,70,0,0,1,0.10526315789473684,0,0.063157895,0,0,1,0.10526315789473684,0,0,0,2,2026-08-28T20:09:31.803525+00:00
403,19,Spurs,midfielder,65,0,0,1,0.10526315789473684,0,0.063157895,0,0,1,0.10526315789473684,0,0,0,2,2026-08-28T20:09:31.803525+00:00
455,19,Spurs,midfielder,55,0,0.05952381,1,0.21052631578947367,0.13043478260869565,0.18493036330564933,0.6666666666666666,0.6666666666666666,1,0.21052631578947367,0,0,0.048951049,2,2026-08-28T20:09:31.803525+00:00
495,19,Spurs,goalkeeper,40,0,0,1,0.10526315789473684,0,0.063157895,0,0,1,0.10526315789473684,0,0,0,2,2026-08-28T20:09:31.803525+00:00
496,19,Spurs,goalkeeper,45,0,0,1,0.21052631578947367,0.2732919254658385,0.1869783153536014,0.6666666666666666,0.6666666666666666,1,0.21052631578947367,0,0,0,2,2026-08-28T20:09:31.803525+00:00
497,19,Spurs,goalkeeper,40,0,0,1,0.10526315789473684,0,0.063157895,0,0,1,0.10526315789473684,0,0,0,2,2026-08-28T20:09:31.803525+00:00
498,19,Spurs,defender,60,0,0.011904761904761906,1,0.2631578947368421,0.24223602484472048,0.21789922510746307,0.6666666666666666,0.6666666666666666,1,0.2631578947368421,0,0,0.00979021,2,2026-08-28T20:09:31.803525+00:00
499,19,Spurs,defender,55,0,0,1,0.10526315789473684,0,0.063157895,0,0,1,0.10526315789473684,0,0,0,2,2026-08-28T20:09:31.803525+00:00
501,19,Spurs,defender,50,0,0,1,0.10526315789473684,0,0.063157895,0,0,1,0.10526315789473684,0,0,0,2,2026-08-28T20:09:31.803525+00:00
502,19,Spurs,defender,45,0,0.035714286,1,0.2631578947368421,0.3291925465838509,0.23148998217648104,0.6666666666666666,0.6666666666666666,1,0.2631578947368421,0,0,0.029370629370629373,2,2026-08-28T20:09:31.803525+00:00
503,19,Spurs,defender,50,0,0,1,0.10526315789473684,0,0.063157895,0,0,1,0.10526315789473684,0,0,0,2,2026-08-28T20:09:31.803525+00:00
506,19,Spurs,defender,45,0,0.011904761904761906,1,0.15789473684210525,0,0.1512882536566747,0.02962963,0.02962963,1,0.15789473684210525,0,0,0.22027972027972031,2,2026-08-28T20:09:31.803525+00:00
508,19,Spurs,defender,40,0,0,1,0.10526315789473684,0,0.063157895,0,0,1,0.10526315789473684,0,0,0,2,2026-08-28T20:09:31.803525+00:00
509,19,Spurs,defender,40,0,0,1,0.10526315789473684,0,0.063157895,0,0,1,0.10526315789473684,0,0,0,2,2026-08-28T20:09:31.803525+00:00
510,19,Spurs,defender,40,0,0,1,0.10526315789473684,0,0.063157895,0,0,1,0.10526315789473684,0,0,0,2,2026-08-28T20:09:31.803525+00:00
511,19,Spurs,defender,40,0,0,1,0.10526315789473684,0,0.063157895,0,0,1,0.10526315789473684,0,0,0,2,2026-08-28T20:09:31.803525+00:00
512,19,Spurs,midfielder,65,0,0,1,0.10526315789473684,0,0.063157895,0,0,1,0.10526315789473684,0,0,0,2,2026-08-28T20:09:31.803525+00:00
514,19,Spurs,midfielder,60,0,0.071428571,1,0.21052631578947367,0.2795031055900621,0.20228474805133845,0.6666666666666666,0.6666666666666666,1,0.21052631578947367,0,0,0.058741258741258746,2,2026-08-28T20:09:31.803525+00:00
515,19,Spurs,midfielder,65,0,0.005952381,1,0.15789473684210525,0.13043478260869565,0.12093482579336542,0.16296296296296298,0.16296296296296298,1,0.15789473684210525,0,0,0.020025429116338207,2,2026-08-28T20:09:31.803525+00:00
516,19,Spurs,midfielder,55,0,0.005952381,1,0.15789473684210525,0.10559006211180123,0.1244100674306624,0.3333333333333333,0.3333333333333333,1,0.15789473684210525,0,0,0.00979021,2,2026-08-28T20:09:31.803525+00:00
518,19,Spurs,midfielder,49,0,0,1,0.10526315789473684,0,0.063157895,0,0,1,0.10526315789473684,0,0,0,2,2026-08-28T20:09:31.803525+00:00
519,19,Spurs,midfielder,55,0,0.047619048,1,0.10526315789473684,0.031055901,0.10251057104604017,0.3333333333333333,0.3333333333333333,1,0.10526315789473684,0,0,0.078321678,2,2026-08-28T20:09:31.803525+00:00
520,19,Spurs,midfielder,55,0,0.005952381,1,0.15789473684210525,0,0.11385106121948226,0.3333333333333333,0.3333333333333333,1,0.15789473684210525,0,0,0.00979021,2,2026-08-28T20:09:31.803525+00:00
522,19,Spurs,midfielder,50,0,0.005952381,1,0.21052631578947367,0.062111801,0.16530421413985824,0.6296296296296297,0.6296296296296297,1,0.21052631578947367,0,0,0.005183052,2,2026-08-28T20:09:31.803525+00:00
523,19,Spurs,midfielder,50,0,0.2380952380952381,1,0.21052631578947367,0.4658385093167701,0.2634695956021821,0.4962962962962963,0.4962962962962963,1,0.21052631578947367,0,0,0.2630205615280242,2,2026-08-28T20:09:31.803525+00:00
524,19,Spurs,midfielder,45,0,0,1,0.10526315789473684,0,0.063157895,0,0,1,0.10526315789473684,0,0,0,2,2026-08-28T20:09:31.803525+00:00
525,19,Spurs,midfielder,60,0,0.035714286,1,0.15789473684210525,0.22360248447204967,0.14844907190444948,0.3333333333333333,0.3333333333333333,1,0.15789473684210525,0,0,0.058741258741258746,2,2026-08-28T20:09:31.803525+00:00
526,19,Spurs,forward,60,0,0.041666667,1,0.15789473684210525,0.031055901,0.141035081,0.16296296296296298,0.16296296296296298,1,0.15789473684210525,0,0,0.14017800381436746,2,2026-08-28T20:09:31.803525+00:00
527,19,Spurs,forward,60,0,0,1,0.21052631578947367,0.012422360248447204,0.15237284031334375,0.4962962962962963,0.4962962962962963,1,0.21052631578947367,0,0,0,2,2026-08-28T20:09:31.803525+00:00
528,19,Spurs,forward,45,0,0,1,0.10526315789473684,0,0.063157895,0,0,1,0.10526315789473684,0,0,0,2,2026-08-28T20:09:31.803525+00:00
601,19,Spurs,midfielder,45,0,0,1,0.10526315789473684,0,0.063157895,0,0,1,0.10526315789473684,0,0,0,2,2026-08-28T20:09:31.803525+00:00
529,20,Sunderland,goalkeeper,50,0,0,0.846153846,0.15789473684210525,0.093167702,0.1373869456249319,0.6666666666666666,0.6666666666666666,1,0.15789473684210525,0,0,0,2,2026-08-28T20:09:31.803525+00:00
531,20,Sunderland,goalkeeper,45,0,0,0.846153846,0.10526315789473684,0,0.063157895,0,0,1,0.10526315789473684,0,0,0,2,2026-08-28T20:09:31.803525+00:00
532,20,Sunderland,defender,50,0,0.005952381,0.846153846,0.10526315789473684,0.11801242236024843,0.10951624652997652,0.6666666666666666,0.6666666666666666,1,0.10526315789473684,0,0,0.004895105,2,2026-08-28T20:09:31.803525+00:00
533,20,Sunderland,defender,55,0,0,0.846153846,0.10526315789473684,0,0.063157895,0,0,1,0.10526315789473684,0,0,0,2,2026-08-28T20:09:31.803525+00:00
534,20,Sunderland,defender,45,0,0.18452380952380953,0.846153846,0.21052631578947367,0.3850931677018633,0.23730380429218884,0.5851851851851851,0.5851851851851851,1,0.21052631578947367,0,0,0.1728777551562362,2,2026-08-28T20:09:31.803525+00:00
535,20,Sunderland,defender,50,0,0.005952381,0.846153846,0.15789473684210525,0,0.10804405019507995,0.17037037037037037,0.17037037037037037,1,0.15789473684210525,0,0,0.019154758,2,2026-08-28T20:09:31.803525+00:00
536,20,Sunderland,defender,45,0,0.17261904761904762,0.846153846,0.15789473684210525,0.3416149068322981,0.1977211766113368,0.6666666666666666,0.6666666666666666,1,0.15789473684210525,0,0,0.14195804195804196,2,2026-08-28T20:09:31.803525+00:00
537,20,Sunderland,defender,45,0,0,0.846153846,0.10526315789473684,0,0.063157895,0,0,1,0.10526315789473684,0,0,0,2,2026-08-28T20:09:31.803525+00:00
539,20,Sunderland,defender,40,0,0.011904761904761906,0.846153846,0.15789473684210525,0.10559006211180123,0.13307786428027743,0.4888888888888889,0.4888888888888889,1,0.15789473684210525,0,0,0.013350286077558806,2,2026-08-28T20:09:31.803525+00:00
541,20,Sunderland,defender,45,0,0.095238095,0.846153846,0.15789473684210525,0.18633540372670807,0.16628413539168688,0.6666666666666666,0.6666666666666666,1,0.15789473684210525,0,0,0.078321678,2,2026-08-28T20:09:31.803525+00:00
542,20,Sunderland,midfielder,60,0,0.017857142857142856,0.846153846,0.21052631578947367,0.093167702,0.16907434525370393,0.5851851851851851,0.5851851851851851,1,0.21052631578947367,0,0,0.016730105337700276,2,2026-08-28T20:09:31.803525+00:00
543,20,Sunderland,midfielder,55,0,0.017857142857142856,0.846153846,0.15789473684210525,0.018633540372670804,0.133345858,0.074074074,0.074074074,1,0.15789473684210525,0,0,0.13216783216783218,2,2026-08-28T20:09:31.803525+00:00
544,20,Sunderland,midfielder,55,0.6666666666666666,0.053571429,0.846153846,0.5789473684210527,0.3105590062111801,0.42277164102106896,0.6666666666666666,0.6666666666666666,1,0.5789473684210527,0,0,0.044055944055944055,2,2026-08-28T20:09:31.803525+00:00
545,20,Sunderland,midfielder,50,0,0.053571429,0.846153846,0.21052631578947367,0.44720496894409933,0.21538360571541346,0.6666666666666666,0.6666666666666666,1,0.21052631578947367,0,0,0.044055944055944055,2,2026-08-28T20:09:31.803525+00:00
547,20,Sunderland,midfielder,50,0,0,0.846153846,0.10526315789473684,0,0.063157895,0,0,1,0.10526315789473684,0,0,0,2,2026-08-28T20:09:31.803525+00:00
548,20,Sunderland,midfielder,50,0,0,0.846153846,0.15789473684210525,0,0.098440546,0.074074074,0.074074074,1,0.15789473684210525,0,0,0,2,2026-08-28T20:09:31.803525+00:00
549,20,Sunderland,midfielder,55,0,0,0.846153846,0.15789473684210525,0,0.10621832358674464,0.22962962962962963,0.22962962962962963,1,0.15789473684210525,0,0,0,2,2026-08-28T20:09:31.803525+00:00
550,20,Sunderland,midfielder,50,0,0,0.846153846,0.10526315789473684,0,0.063157895,0,0,1,0.10526315789473684,0,0,0,2,2026-08-28T20:09:31.803525+00:00
551,20,Sunderland,midfielder,50,0,0.095238095,0.846153846,0.3684210526315789,0.32298136645962733,0.3052156594001461,0.42962962962962964,0.42962962962962964,1,0.3684210526315789,0,0,0.1215336387750181,2,2026-08-28T20:09:31.803525+00:00
552,20,Sunderland,forward,60,0,0.17857142857142858,0.846153846,0.21052631578947367,0.068322981,0.2076561048456201,0.4888888888888889,0.4888888888888889,1,0.21052631578947367,0,0,0.20025429116338206,2,2026-08-28T20:09:31.803525+00:00
553,20,Sunderland,forward,55,0,0,0.846153846,0.15789473684210525,0,0.10325536062378168,0.17037037037037037,0.17037037037037037,1,0.15789473684210525,0,0,0,2,2026-08-28T20:09:31.803525+00:00
613,20,Sunderland,midfielder,45,0,0,0.846153846,0.10526315789473684,0,0.063157895,0,0,1,0.10526315789473684,0,0,0,2,2026-08-28T20:09:31.803525+00:00
